derivative_path	source_archive_file	source_member	sha256
sub-seeg001/ieeg/sub-seeg001_desc-mask_contacts.csv	Supporting_Files_SEEG.zip	masks/S001.csv	37c3ca8cb0e09323e7450646b020ca442f75dd70626947b68f9e72f78437f840
sub-seeg002/ieeg/sub-seeg002_desc-mask_contacts.csv	Supporting_Files_SEEG.zip	masks/S002.csv	86ef4deb945b5d3908238937fcf5c2a384fc5b2807e5fc0ae7d30d0a3db08c28
sub-seeg003/ieeg/sub-seeg003_desc-mask_contacts.csv	Supporting_Files_SEEG.zip	masks/S003.csv	f1188017a6956f3f2a98e860b4fe4ae0bccb77cada20bb3c33e6e57b15e666c0
sub-seeg004/ieeg/sub-seeg004_desc-mask_contacts.csv	Supporting_Files_SEEG.zip	masks/S004.csv	07694f75e539a4cb5c138b41ecd81aa1d52a80bf077cc21c20161dcaa15561ea
sub-seeg005/ieeg/sub-seeg005_desc-mask_contacts.csv	Supporting_Files_SEEG.zip	masks/S005.csv	415c644e212ccc67cf1c935ab33b32175e4eda9eab4beee4536f9ccb14e7017c
sub-seeg006/ieeg/sub-seeg006_desc-mask_contacts.csv	Supporting_Files_SEEG.zip	masks/S006.csv	a022b3e46908e7bcab11bc7e6b24035edccd130d7786f1e28acf3fafa296fa94
sub-seeg007/ieeg/sub-seeg007_desc-mask_contacts.csv	Supporting_Files_SEEG.zip	masks/S007.csv	6a1093a2b3ec5cfc3e6b0f95c1665680954fe4edb868fbef0b7ef7b8892c7e9b
sub-seeg008/ieeg/sub-seeg008_desc-mask_contacts.csv	Supporting_Files_SEEG.zip	masks/S008.csv	1105955004d279a0d7614c0094c1c3305fc62d8783e71dc4c7674b69b25c997e
sub-seeg009/ieeg/sub-seeg009_desc-mask_contacts.csv	Supporting_Files_SEEG.zip	masks/S009.csv	d17505351d138d3ece9275b83e11731a3b3d372ba32d8e69e3a8c200323305d0
sub-seeg010/ieeg/sub-seeg010_desc-mask_contacts.csv	Supporting_Files_SEEG.zip	masks/S010.csv	df0cd44e02a9abce7c5d6df6d1c6639618023fdd0359682bfa2ebfdac2781e9d
sub-seeg011/ieeg/sub-seeg011_desc-mask_contacts.csv	Supporting_Files_SEEG.zip	masks/S011.csv	7a23ce53f53487319b7a4e075a37454d77f562d3aa9e6ce75a7ea7f84d644c99
sub-seeg012/ieeg/sub-seeg012_desc-mask_contacts.csv	Supporting_Files_SEEG.zip	masks/S012.csv	7bc4fea4b49e80017340cd1d7190745e1da501228066dcb4adb17900f6e276d3
sub-seeg013/ieeg/sub-seeg013_desc-mask_contacts.csv	Supporting_Files_SEEG.zip	masks/S013.csv	37c510f88d0beaec848a94557dbdb781f6517b1fbf91ab2db7bdd47e9ceb84f7
sub-seeg014/ieeg/sub-seeg014_desc-mask_contacts.csv	Supporting_Files_SEEG.zip	masks/S014.csv	68a04ccd805535d8db747735f6efea07d111c5820052fe207f33cc57de48bb14
sub-seeg015/ieeg/sub-seeg015_desc-mask_contacts.csv	Supporting_Files_SEEG.zip	masks/S015.csv	650634e290bb2fa69c9c899ad385f7c39f5643af1beef7b516ef91f49c91fc9e
sub-seeg016/ieeg/sub-seeg016_desc-mask_contacts.csv	Supporting_Files_SEEG.zip	masks/S016.csv	27a9dbd1825d5cb432583ce63fc08bb013751c2870e4af60e80b887b49c85415
sub-seeg017/ieeg/sub-seeg017_desc-mask_contacts.csv	Supporting_Files_SEEG.zip	masks/S017.csv	8fa079768f43ed35bb21b255b67e4c6e4fbc6bdeee88e588fbab49f035b6fa73
sub-seeg018/ieeg/sub-seeg018_desc-mask_contacts.csv	Supporting_Files_SEEG.zip	masks/S018.csv	59023a371e2abc1bd70a6c6423b9c57f0c54e05f78862baa8fb6a9bb92e558dc
sub-seeg019/ieeg/sub-seeg019_desc-mask_contacts.csv	Supporting_Files_SEEG.zip	masks/S019.csv	7fa979e64de52d47dceeb7bb6a15a54c9a119d4b5186fbcab1f85be6ae84f382
sub-seeg020/ieeg/sub-seeg020_desc-mask_contacts.csv	Supporting_Files_SEEG.zip	masks/S020.csv	031da7a9b166076810b31806857ff6469168911fbcd4509189884f016eef13b8
sub-seeg021/ieeg/sub-seeg021_desc-mask_contacts.csv	Supporting_Files_SEEG.zip	masks/S021.csv	aa54d6eb84bffc315868851d2a3f7f70316ccff36447a72ce7bccd713b4a4aa2
sub-seeg022/ieeg/sub-seeg022_desc-mask_contacts.csv	Supporting_Files_SEEG.zip	masks/S022.csv	77f6b350541697d68517bbf381c4aad192a0c428c230a174024a9a5bdd8d1660
sub-seeg023/ieeg/sub-seeg023_desc-mask_contacts.csv	Supporting_Files_SEEG.zip	masks/S023.csv	f1e94ac73667fcbad98baf19fc92bb7c2cc27a00797d08299991e3f6da909f65
sub-seeg024/ieeg/sub-seeg024_desc-mask_contacts.csv	Supporting_Files_SEEG.zip	masks/S024.csv	47755cccac3d06aa608b18a0199d203d84731301845e1eb7c8e6e8b67edac9fd
sub-seeg025/ieeg/sub-seeg025_desc-mask_contacts.csv	Supporting_Files_SEEG.zip	masks/S025.csv	9a5cffd54e610687985e76a39d4abda564badacd4b454fa760de9bf865fb8041
sub-seeg026/ieeg/sub-seeg026_desc-mask_contacts.csv	Supporting_Files_SEEG.zip	masks/S026.csv	2d8c4ae26bd07663a3576bc0bf1d3610ca4c23e89355b56434a031cf796cc3cb
sub-seeg027/ieeg/sub-seeg027_desc-mask_contacts.csv	Supporting_Files_SEEG.zip	masks/S027.csv	c12df7071510c85abb86c5d571a5766d246c5646da0fb973746084c2505514f4
sub-seeg028/ieeg/sub-seeg028_desc-mask_contacts.csv	Supporting_Files_SEEG.zip	masks/S028.csv	62e65d4ecf0899992ce4b30f4943c2b0d92a3a445e3aae8a8506653abcf1e049
sub-seeg029/ieeg/sub-seeg029_desc-mask_contacts.csv	Supporting_Files_SEEG.zip	masks/S029.csv	e308c5a3f71543419752ce579867a9950a1bb83942e7308f5d5059a2e3571944
sub-seeg030/ieeg/sub-seeg030_desc-mask_contacts.csv	Supporting_Files_SEEG.zip	masks/S030.csv	1f5aad2a7b440b5ff104e4f4b973754fc0231cb2111d8bd558c7914b704adab1
sub-seeg031/ieeg/sub-seeg031_desc-mask_contacts.csv	Supporting_Files_SEEG.zip	masks/S031.csv	c3695cde333e0bee8b301d118a3ccca060b5349bcef535bc516409964f6eef15
sub-seeg032/ieeg/sub-seeg032_desc-mask_contacts.csv	Supporting_Files_SEEG.zip	masks/S032.csv	c097e602305ad512ee38fb99f9328311fda4c02d91e39b3695440e9cfc323d64
sub-seeg033/ieeg/sub-seeg033_desc-mask_contacts.csv	Supporting_Files_SEEG.zip	masks/S033.csv	fcdb9b9ce50cd9ab850c8c90005c299fba3940fc3082d88bf60d45343f4b9a37
sub-seeg034/ieeg/sub-seeg034_desc-mask_contacts.csv	Supporting_Files_SEEG.zip	masks/S034.csv	c10f28b5be74feaea28bbe2cb799df7a1716c37d6dd69275abff6a7cf10005d9
sub-seeg035/ieeg/sub-seeg035_desc-mask_contacts.csv	Supporting_Files_SEEG.zip	masks/S035.csv	bab2f29795847d5ef5b1f7f8aace7bcc1eff3d7a473aae868549b28cad50f8bd
sub-seeg036/ieeg/sub-seeg036_desc-mask_contacts.csv	Supporting_Files_SEEG.zip	masks/S036.csv	0fd75e36310542293ffc901fac5db89ed19d38fee7b7da5f6168df8b40008ad2
sub-seeg037/ieeg/sub-seeg037_desc-mask_contacts.csv	Supporting_Files_SEEG.zip	masks/S037.csv	e76a0b5108be1e6148bad5820e9e337a4e9c0124bb28023a80dd666af7977402
sub-seeg038/ieeg/sub-seeg038_desc-mask_contacts.csv	Supporting_Files_SEEG.zip	masks/S038.csv	ddde743b1c6343c95cea917af6874fd455ca286996b57c43ddc19f640a90dd61
sub-seeg039/ieeg/sub-seeg039_desc-mask_contacts.csv	Supporting_Files_SEEG.zip	masks/S039.csv	b9cd5fbb5bfe13dc252fdf945c292a6b3b9e147e5584cdaae69dff8c80b85288
sub-seeg040/ieeg/sub-seeg040_desc-mask_contacts.csv	Supporting_Files_SEEG.zip	masks/S040.csv	b290974ea4659598bf3c7b811c13fd7f776282ddb22291015751ccbede7d9334
sub-seeg041/ieeg/sub-seeg041_desc-mask_contacts.csv	Supporting_Files_SEEG.zip	masks/S041.csv	53ee50786b8f77686af5dcaf25b7ffd9726127e6a9b75a50efe35340663d054a
sub-seeg042/ieeg/sub-seeg042_desc-mask_contacts.csv	Supporting_Files_SEEG.zip	masks/S042.csv	8ae757e896d86adae7f7dbc6b9c26a856f1e667187af145085979a64ac9c6d29
sub-seeg043/ieeg/sub-seeg043_desc-mask_contacts.csv	Supporting_Files_SEEG.zip	masks/S043.csv	7c4ab287f5a4aab2ffa6f71920570c3c4e114689e0c130e285e6f0ad67c78614
sub-seeg044/ieeg/sub-seeg044_desc-mask_contacts.csv	Supporting_Files_SEEG.zip	masks/S044.csv	a5dd01012f4edc1e5e1d5e3b641a327f6204b9e08a584537e8e9f721992e2071
sub-seeg045/ieeg/sub-seeg045_desc-mask_contacts.csv	Supporting_Files_SEEG.zip	masks/S045.csv	40fefd85e0aa4a8f4561293ec4d98731ef04995561924f6636c1c7f82beb64d6
sub-seeg046/ieeg/sub-seeg046_desc-mask_contacts.csv	Supporting_Files_SEEG.zip	masks/S046.csv	e325e6861804473117686a16d9c969b2507fc272d331158664dad1b9a58c7e7d
sub-seeg047/ieeg/sub-seeg047_desc-mask_contacts.csv	Supporting_Files_SEEG.zip	masks/S047.csv	9d71b58080e4812b3aabfd6fd82edac33e593c850bcf2e30439a94e329109638
sub-seeg048/ieeg/sub-seeg048_desc-mask_contacts.csv	Supporting_Files_SEEG.zip	masks/S048.csv	e32ceed888606ebcb61f433071ac0663c95aac3735408f605cce48636d36d0bb
sub-seeg049/ieeg/sub-seeg049_desc-mask_contacts.csv	Supporting_Files_SEEG.zip	masks/S049.csv	84a6783160c448942b92e7f019a7c2f126b8c68da1f5808eda47cda85070a738
sub-seeg050/ieeg/sub-seeg050_desc-mask_contacts.csv	Supporting_Files_SEEG.zip	masks/S050.csv	c05a2984830557c6c2f33104c9a5a37484f7ed316b403d95fc946702e5c834da
sub-seeg051/ieeg/sub-seeg051_desc-mask_contacts.csv	Supporting_Files_SEEG.zip	masks/S051.csv	93e47a8f6bca02173bfebf0ca56bf148557970f8fc8edc64d5b8ce79ea07d446
sub-seeg052/ieeg/sub-seeg052_desc-mask_contacts.csv	Supporting_Files_SEEG.zip	masks/S052.csv	b171ca48e72fca1de370e1a446b2ecf3480d74df96a15b96c1662ff8926a424f
sub-seeg053/ieeg/sub-seeg053_desc-mask_contacts.csv	Supporting_Files_SEEG.zip	masks/S053.csv	f0fb4509d28e45e99331ef39d029dddad11f4c499bc4911bf37eaba2b530294c
sub-seeg054/ieeg/sub-seeg054_desc-mask_contacts.csv	Supporting_Files_SEEG.zip	masks/S054.csv	f33c6a3786092c9a4b748e26d5e0221f41abb0c86b3b74b4cd7cf9c7b848a87f
sub-seeg055/ieeg/sub-seeg055_desc-mask_contacts.csv	Supporting_Files_SEEG.zip	masks/S055.csv	835aabe337ec1e15a3550f61560d4f2c09f6d99fa06269d5c1197d1ddc802fb5
sub-seeg056/ieeg/sub-seeg056_desc-mask_contacts.csv	Supporting_Files_SEEG.zip	masks/S056.csv	60ede382fcef612b69fe1920b68970db1281f2dc22571a511879024cb948dd91
sub-seeg057/ieeg/sub-seeg057_desc-mask_contacts.csv	Supporting_Files_SEEG.zip	masks/S057.csv	38b5f4fad53dc154a33b06887c9d62e36f6b7ce01417cd8972f68e298f1a282e
sub-seeg058/ieeg/sub-seeg058_desc-mask_contacts.csv	Supporting_Files_SEEG.zip	masks/S058.csv	f67f5c1098da17e4f1ff309d0f025876905bc605dc0bbf90e5a413714c884144
sub-seeg059/ieeg/sub-seeg059_desc-mask_contacts.csv	Supporting_Files_SEEG.zip	masks/S059.csv	a189961594b657fc531f61e8946affe59f8354d9e9729c0304fea88f5f0eda9e
group/seeg/all_frequencies_SEEG.csv	Supporting_Files_SEEG.zip	all_frequencies_SEEG.csv	653bca0ca03f91a28f2583fee57ee52f957825b5087e693b01279827f4bd55f9
group/seeg/CF_matrix_SEEG.csv	Supporting_Files_SEEG.zip	CF_matrix_SEEG.csv	4917836bd09765784008b3caf4f993e57f03b38417a37303cdcc2619bd839900
group/seeg/Contacts_per_parcel.csv	Supporting_Files_SEEG.zip	Contacts per parcel.csv	edf0ad2fcc99e2839948b963836efc5924b6daa28165e43a21bbeb063a84dc1d
sub-seeg001/ieeg/sub-seeg001_desc-distances_contacts.csv	Supporting_Files_SEEG.zip	distances/S001.csv	667ec97e9def1ae3347c808619510366f9f4f11c271ef958e497e46adbb648d9
sub-seeg002/ieeg/sub-seeg002_desc-distances_contacts.csv	Supporting_Files_SEEG.zip	distances/S002.csv	63d7ce8399184fb56f4fb2a1158349b672ecf28bde6bf59690cc7025bf943def
sub-seeg003/ieeg/sub-seeg003_desc-distances_contacts.csv	Supporting_Files_SEEG.zip	distances/S003.csv	985f7733f094f3e437c35ba8baf53c4be500387b49bd76e4f2b833ff120429f4
sub-seeg004/ieeg/sub-seeg004_desc-distances_contacts.csv	Supporting_Files_SEEG.zip	distances/S004.csv	66f9497ac915364602a67debb8de262ee735ed686f07ca1851482141b44e05a5
sub-seeg005/ieeg/sub-seeg005_desc-distances_contacts.csv	Supporting_Files_SEEG.zip	distances/S005.csv	c019e44449d7fc1d4204cfe09e00f4f3fd400dc3ef875e2f826c502857ea2aa2
sub-seeg006/ieeg/sub-seeg006_desc-distances_contacts.csv	Supporting_Files_SEEG.zip	distances/S006.csv	6c5595b43ea9b9e34d257efd28adb7d5b77130cda84a81266d8977363db507fd
sub-seeg007/ieeg/sub-seeg007_desc-distances_contacts.csv	Supporting_Files_SEEG.zip	distances/S007.csv	9804b598b859dacf0cb93267e0a3474b7cc95a2cf0cc063c0cbf1a2d37e72d04
sub-seeg008/ieeg/sub-seeg008_desc-distances_contacts.csv	Supporting_Files_SEEG.zip	distances/S008.csv	5b5771061a3bc8175974ea1476b7ba802c1a09477dd667585787548e0535d8f8
sub-seeg009/ieeg/sub-seeg009_desc-distances_contacts.csv	Supporting_Files_SEEG.zip	distances/S009.csv	0ca0cf75681875f555394f33c8d5e07ea8939919871c4fa7dee41dd4aed9adb3
sub-seeg010/ieeg/sub-seeg010_desc-distances_contacts.csv	Supporting_Files_SEEG.zip	distances/S010.csv	c35f0f0ca9f9b7bfc4e77151bb6b8dabb549810d7b7e51ff78eeeb11c01e0397
sub-seeg011/ieeg/sub-seeg011_desc-distances_contacts.csv	Supporting_Files_SEEG.zip	distances/S011.csv	8ae28a8092f7a884e1a04cb2cd8a7d01191fc7b5334e4058d0ff5a6f62e62ef3
sub-seeg012/ieeg/sub-seeg012_desc-distances_contacts.csv	Supporting_Files_SEEG.zip	distances/S012.csv	b6ef7d15f283466ec3d9bbc76cb086ce681711d8a06ef6e1c539c9f35e84569d
sub-seeg013/ieeg/sub-seeg013_desc-distances_contacts.csv	Supporting_Files_SEEG.zip	distances/S013.csv	bea45ef323011b2675f74165159f9c4b45b8ae353bb3411627f89d0a8583b5e0
sub-seeg014/ieeg/sub-seeg014_desc-distances_contacts.csv	Supporting_Files_SEEG.zip	distances/S014.csv	095b173a005a3561e77fb775a2679f8a7c6966c5db5d771d41c4387130cbedbf
sub-seeg015/ieeg/sub-seeg015_desc-distances_contacts.csv	Supporting_Files_SEEG.zip	distances/S015.csv	2b65a010a4320c827b8a17481fcf62ec3e49663b7fc9c5975adafc15ed7b1d9c
sub-seeg016/ieeg/sub-seeg016_desc-distances_contacts.csv	Supporting_Files_SEEG.zip	distances/S016.csv	ace5ae7868aae9c2a23cd30917b3cec06a6a40cde23afb6b4ad344d41b308a9b
sub-seeg017/ieeg/sub-seeg017_desc-distances_contacts.csv	Supporting_Files_SEEG.zip	distances/S017.csv	9234ddf588776420bee8ad8d2525efc254bedb5851c80d519d187b5e81c4af08
sub-seeg018/ieeg/sub-seeg018_desc-distances_contacts.csv	Supporting_Files_SEEG.zip	distances/S018.csv	fdc35d699e3a7fdad9cfd566df1395ed5fb7bf8120b57350f964f625ed21a486
sub-seeg019/ieeg/sub-seeg019_desc-distances_contacts.csv	Supporting_Files_SEEG.zip	distances/S019.csv	117986e0673da8d304d5c34bd5c5851d8c773b6268387a430010d0c099e076ed
sub-seeg020/ieeg/sub-seeg020_desc-distances_contacts.csv	Supporting_Files_SEEG.zip	distances/S020.csv	d5b8b2fe755e9b3cee1073561be9ccf8e7b1ccb956f2a734daf23c945bcb0eeb
sub-seeg021/ieeg/sub-seeg021_desc-distances_contacts.csv	Supporting_Files_SEEG.zip	distances/S021.csv	14f04d947eda2fb0315647b71c2d49fbb3459c84eac3a4d10eb94d4faca07f6c
sub-seeg022/ieeg/sub-seeg022_desc-distances_contacts.csv	Supporting_Files_SEEG.zip	distances/S022.csv	50f52abb3aba285f84137cd25ed3012098aab17cf36bca97f581b651b8efa3da
sub-seeg023/ieeg/sub-seeg023_desc-distances_contacts.csv	Supporting_Files_SEEG.zip	distances/S023.csv	5f1f60586d2fcba8dcb32889fa2f66162b57c50684567750c96f13cf43facd5d
sub-seeg024/ieeg/sub-seeg024_desc-distances_contacts.csv	Supporting_Files_SEEG.zip	distances/S024.csv	59c30561c1ef2e85ddee7b58aa20d2fba4cc6934cac0bd8e53e83f759d8b7e6d
sub-seeg025/ieeg/sub-seeg025_desc-distances_contacts.csv	Supporting_Files_SEEG.zip	distances/S025.csv	4ea3ba2002364aa73f2c77814366e06b0fe626380fd7a7dc4ff5d547605bd6a0
sub-seeg026/ieeg/sub-seeg026_desc-distances_contacts.csv	Supporting_Files_SEEG.zip	distances/S026.csv	50806eb2e99aa1fd297edc81d2dc823de01e13f262808a0b70bd477c554e7127
sub-seeg027/ieeg/sub-seeg027_desc-distances_contacts.csv	Supporting_Files_SEEG.zip	distances/S027.csv	f568be00b49f0cbfc8b4d3aff0ac8807661104c4d71c2d1edd4a5f3a3377ac9a
sub-seeg028/ieeg/sub-seeg028_desc-distances_contacts.csv	Supporting_Files_SEEG.zip	distances/S028.csv	6b986a2223690d23ed671ea40e9963206869dc85d398c0616cc3f444d134986a
sub-seeg029/ieeg/sub-seeg029_desc-distances_contacts.csv	Supporting_Files_SEEG.zip	distances/S029.csv	57146bf49d3eb1298ab0c6e914229f7dd95536046dccb9e1274026314caff5b0
sub-seeg030/ieeg/sub-seeg030_desc-distances_contacts.csv	Supporting_Files_SEEG.zip	distances/S030.csv	85b96b7075a3bc22c33f108721c94b5a3b0727bdf4ea71a8858f01f26c982bbd
sub-seeg031/ieeg/sub-seeg031_desc-distances_contacts.csv	Supporting_Files_SEEG.zip	distances/S031.csv	bbbce914d1c17833e16af0930814449d1c4907022ba19e1c9f5b1d7211f801ce
sub-seeg032/ieeg/sub-seeg032_desc-distances_contacts.csv	Supporting_Files_SEEG.zip	distances/S032.csv	c16d9ad80c8bb196c646e496bf957c797d87810a3f14b29c741a64a1fbb9e557
sub-seeg033/ieeg/sub-seeg033_desc-distances_contacts.csv	Supporting_Files_SEEG.zip	distances/S033.csv	3252ac3b0426a79b660e6639e465f0fb8892d4c3fd7c929f8424314c063862be
sub-seeg034/ieeg/sub-seeg034_desc-distances_contacts.csv	Supporting_Files_SEEG.zip	distances/S034.csv	cba8eb2b55ebc74da7c0b91e13f7816e515e66a7f994149e6447bd90c9a38bf1
sub-seeg035/ieeg/sub-seeg035_desc-distances_contacts.csv	Supporting_Files_SEEG.zip	distances/S035.csv	8c39ba25840886a77cd639642975fe5d2381fcd62f2d9ea44eb4b00e884373ea
sub-seeg036/ieeg/sub-seeg036_desc-distances_contacts.csv	Supporting_Files_SEEG.zip	distances/S036.csv	85d2f720c98b968941257e6314ee52c8ad32f7d0d80495aea562a877f6767690
sub-seeg037/ieeg/sub-seeg037_desc-distances_contacts.csv	Supporting_Files_SEEG.zip	distances/S037.csv	5f291e4aea2a29820f5cf8096673cf72a34a3db5a3a2a607d7661001b17ce262
sub-seeg038/ieeg/sub-seeg038_desc-distances_contacts.csv	Supporting_Files_SEEG.zip	distances/S038.csv	9acdf3466110cf034adacbdf078502f2eb607d90f3bcec1835f50e08316fcf17
sub-seeg039/ieeg/sub-seeg039_desc-distances_contacts.csv	Supporting_Files_SEEG.zip	distances/S039.csv	a90c3c95cb1dfdc55200eb0c8a96cd3e0ebd87d279ffe34d479c12e84ebed3e2
sub-seeg040/ieeg/sub-seeg040_desc-distances_contacts.csv	Supporting_Files_SEEG.zip	distances/S040.csv	b4436279cadb43e54fd88b9d8a3ef222244e5e86f9296722eb7e0644dbc0701f
sub-seeg041/ieeg/sub-seeg041_desc-distances_contacts.csv	Supporting_Files_SEEG.zip	distances/S041.csv	e1ba257e005320d65c2d87dfbe62042b37d87d654e97df1071397b13282b159b
sub-seeg042/ieeg/sub-seeg042_desc-distances_contacts.csv	Supporting_Files_SEEG.zip	distances/S042.csv	9da0504b6c300955bd616d2c755eb6e1552af61050d6a2f3e626be7a9cb8faf2
sub-seeg043/ieeg/sub-seeg043_desc-distances_contacts.csv	Supporting_Files_SEEG.zip	distances/S043.csv	f7ae29ffcbf9062efa6a192f786a95d587473bc9890413233b162c02b1c31e7c
sub-seeg044/ieeg/sub-seeg044_desc-distances_contacts.csv	Supporting_Files_SEEG.zip	distances/S044.csv	22f47c346275f09a686a7dd8a72cbc9544db01816c58b176bb50db8707a4d90a
sub-seeg045/ieeg/sub-seeg045_desc-distances_contacts.csv	Supporting_Files_SEEG.zip	distances/S045.csv	dd183f134bae2345f35110f6e33ef333e6741a8b66043cd6ce3486d0a34d7b7d
sub-seeg046/ieeg/sub-seeg046_desc-distances_contacts.csv	Supporting_Files_SEEG.zip	distances/S046.csv	8a0e77824eb473ba3f84eed1d44aa353adb5d506c9debda6b48c49f9f142111a
sub-seeg047/ieeg/sub-seeg047_desc-distances_contacts.csv	Supporting_Files_SEEG.zip	distances/S047.csv	d66c1a71a5c5ce37f3b665defcafe85e5b7aaf0ab8c83d9fc8e8eab9eaeb3597
sub-seeg048/ieeg/sub-seeg048_desc-distances_contacts.csv	Supporting_Files_SEEG.zip	distances/S048.csv	22b59022a5faba13175c1ecbfce5362958895b739f2cdfa17d67178ac0b50b07
sub-seeg049/ieeg/sub-seeg049_desc-distances_contacts.csv	Supporting_Files_SEEG.zip	distances/S049.csv	78b115e5d1116f03385df1aef6923c13c933ca16aa366908904160d281a69ed0
sub-seeg050/ieeg/sub-seeg050_desc-distances_contacts.csv	Supporting_Files_SEEG.zip	distances/S050.csv	16941ebb04c80a174c735fc7e8de3eb0dfe8faccd04ddf56b2ed14d8c0d046df
sub-seeg051/ieeg/sub-seeg051_desc-distances_contacts.csv	Supporting_Files_SEEG.zip	distances/S051.csv	6ef86ade6f6fd7c9de4de0b3c1b4c4d17bdf750efb1f6c63dc0b0baa5c34f67e
sub-seeg052/ieeg/sub-seeg052_desc-distances_contacts.csv	Supporting_Files_SEEG.zip	distances/S052.csv	13e83e64c1af732d359a1c5577d32f80dc23be183728a1c4ac7d22e026865df8
sub-seeg053/ieeg/sub-seeg053_desc-distances_contacts.csv	Supporting_Files_SEEG.zip	distances/S053.csv	570b1e5d3374b35fb6230cab738b062da044cc3be9022ccf5e80d3eed780c812
sub-seeg054/ieeg/sub-seeg054_desc-distances_contacts.csv	Supporting_Files_SEEG.zip	distances/S054.csv	cc9d6d7d39200a39712d1dcffab3b700beefcdd928f67f6d132341fde01aa718
sub-seeg055/ieeg/sub-seeg055_desc-distances_contacts.csv	Supporting_Files_SEEG.zip	distances/S055.csv	deb6fb872d2b86800a2028d0793c9661a64793f2c7ee65f99a30bce8ddf876bc
sub-seeg056/ieeg/sub-seeg056_desc-distances_contacts.csv	Supporting_Files_SEEG.zip	distances/S056.csv	af33d8c2170a1070b02ecce321cb3c7b7af14d988942ef75cd88330f2beffb4a
sub-seeg057/ieeg/sub-seeg057_desc-distances_contacts.csv	Supporting_Files_SEEG.zip	distances/S057.csv	9417ede2622e3b93a161d08630dd05fa2a0a12733074085654017015a22e2ff1
sub-seeg058/ieeg/sub-seeg058_desc-distances_contacts.csv	Supporting_Files_SEEG.zip	distances/S058.csv	3f63123dd63be1d544b9b4b803ec2935b9095e4c0576dad234208b715f2d53a5
sub-seeg059/ieeg/sub-seeg059_desc-distances_contacts.csv	Supporting_Files_SEEG.zip	distances/S059.csv	688a50ce263a16c6bfa415fc90f600b52d6e81a6dd85f65829eebc14ff396b32
sub-seeg001/ieeg/sub-seeg001_desc-gmpi_contacts.csv	Supporting_Files_SEEG.zip	GMPI/S001.csv	7fd8d7d207f91464370df41db13b56f74c6262c337d4ff51e52307f5f2aed426
sub-seeg002/ieeg/sub-seeg002_desc-gmpi_contacts.csv	Supporting_Files_SEEG.zip	GMPI/S002.csv	e68888f9835de34efce331a5a7f3f79ed33cc608df1033fc16a53c1742fd57cb
sub-seeg003/ieeg/sub-seeg003_desc-gmpi_contacts.csv	Supporting_Files_SEEG.zip	GMPI/S003.csv	8a182dbd045c7d45d65ed37d3e4bf055e7b72b073300d0898b188520b4bb8207
sub-seeg004/ieeg/sub-seeg004_desc-gmpi_contacts.csv	Supporting_Files_SEEG.zip	GMPI/S004.csv	ea1783ab78462319945ee3a3f90a2d76e205dc7dd79757e01cf812a1d813031a
sub-seeg005/ieeg/sub-seeg005_desc-gmpi_contacts.csv	Supporting_Files_SEEG.zip	GMPI/S005.csv	c33d4687988de99836cf74713ce70f655ca211da39ba81246633f53d9f14bbce
sub-seeg006/ieeg/sub-seeg006_desc-gmpi_contacts.csv	Supporting_Files_SEEG.zip	GMPI/S006.csv	1e53f797cd29b908378d4f752f9f764a172c8d60502cb867736a53b15b1390ca
sub-seeg007/ieeg/sub-seeg007_desc-gmpi_contacts.csv	Supporting_Files_SEEG.zip	GMPI/S007.csv	89052924190dede8e62e71f685986e4ab2306fe4cf943fb60c333e645a06b03d
sub-seeg008/ieeg/sub-seeg008_desc-gmpi_contacts.csv	Supporting_Files_SEEG.zip	GMPI/S008.csv	ce11b3e467cf8e155da242ca877c6133867af01bdc1fda21187f9977891b8967
sub-seeg009/ieeg/sub-seeg009_desc-gmpi_contacts.csv	Supporting_Files_SEEG.zip	GMPI/S009.csv	6b5fb92b52e90989eaca7528154a6270a7198414af5d442e7d8a9cc8c8406e5b
sub-seeg010/ieeg/sub-seeg010_desc-gmpi_contacts.csv	Supporting_Files_SEEG.zip	GMPI/S010.csv	7c671880973ca98ad67e872a8b3eea3ab836db5cf173b31e22cfc4da06d51c06
sub-seeg011/ieeg/sub-seeg011_desc-gmpi_contacts.csv	Supporting_Files_SEEG.zip	GMPI/S011.csv	80fdd184923d9cb0e54ac05fa06b8e7641486b4a4e9f10ac17ce84fb387a18ed
sub-seeg012/ieeg/sub-seeg012_desc-gmpi_contacts.csv	Supporting_Files_SEEG.zip	GMPI/S012.csv	67454ebed86c7282620ddaa6c51bee0d53d1062ba18c634a440fadf5a2cf5286
sub-seeg013/ieeg/sub-seeg013_desc-gmpi_contacts.csv	Supporting_Files_SEEG.zip	GMPI/S013.csv	fe3935504b242a33de79bdd49db92eabd77bc865d1a6c219109ec31be136aecb
sub-seeg014/ieeg/sub-seeg014_desc-gmpi_contacts.csv	Supporting_Files_SEEG.zip	GMPI/S014.csv	cb3f287b63603deb26ad85a52e1e3f0582a6c30d22a65f966a3220c4f956ce15
sub-seeg015/ieeg/sub-seeg015_desc-gmpi_contacts.csv	Supporting_Files_SEEG.zip	GMPI/S015.csv	860d90a102282943c10391ef241fb19e0a5de9f05378b3a17a7af0928038825c
sub-seeg016/ieeg/sub-seeg016_desc-gmpi_contacts.csv	Supporting_Files_SEEG.zip	GMPI/S016.csv	03832c447d3996c2775011e12f0fc5cfea855093c2c44dc01c9460f2b65dc1c6
sub-seeg017/ieeg/sub-seeg017_desc-gmpi_contacts.csv	Supporting_Files_SEEG.zip	GMPI/S017.csv	9671fc26182fbc3e62a2fe90003572c6f9c95223bdd2800dcadcb639f0689db7
sub-seeg018/ieeg/sub-seeg018_desc-gmpi_contacts.csv	Supporting_Files_SEEG.zip	GMPI/S018.csv	d1661b4749eabffb68e2ca0da90468645c6729d89540cb777d6c72ce27b772d0
sub-seeg019/ieeg/sub-seeg019_desc-gmpi_contacts.csv	Supporting_Files_SEEG.zip	GMPI/S019.csv	5749437c5c266973f8ca6a87653c9cf21eff2aad56f9cca187529f5cccaf6532
sub-seeg020/ieeg/sub-seeg020_desc-gmpi_contacts.csv	Supporting_Files_SEEG.zip	GMPI/S020.csv	74d4c64233f8dca69f8d79436032610de14d1293d3289e1f6f53f090ed02e427
sub-seeg021/ieeg/sub-seeg021_desc-gmpi_contacts.csv	Supporting_Files_SEEG.zip	GMPI/S021.csv	fad039dc3c78e5c9dcdf333949b5219433cd2af554300a3f9ea9f612be9ef6be
sub-seeg022/ieeg/sub-seeg022_desc-gmpi_contacts.csv	Supporting_Files_SEEG.zip	GMPI/S022.csv	0016c9b666bd064c85a908b47d8761b51568f013f870e91110f5453698dea196
sub-seeg023/ieeg/sub-seeg023_desc-gmpi_contacts.csv	Supporting_Files_SEEG.zip	GMPI/S023.csv	0096ef9d4d3fedebfdf184bdb267074ce11e34955fece7805d4e0fe669485bac
sub-seeg024/ieeg/sub-seeg024_desc-gmpi_contacts.csv	Supporting_Files_SEEG.zip	GMPI/S024.csv	831052ba5a61f9d52be2e84ca70aa2cbd0e84e9efcffd36a38330969cb1c1710
sub-seeg025/ieeg/sub-seeg025_desc-gmpi_contacts.csv	Supporting_Files_SEEG.zip	GMPI/S025.csv	d781a3cab8013b7a4b32cac41dd69594b94981652e22c6f90d643faa40835630
sub-seeg026/ieeg/sub-seeg026_desc-gmpi_contacts.csv	Supporting_Files_SEEG.zip	GMPI/S026.csv	3ebf8c243944f5ca8183b7dc7be10f416b79c007f61d755b3a960fc20fb9d435
sub-seeg027/ieeg/sub-seeg027_desc-gmpi_contacts.csv	Supporting_Files_SEEG.zip	GMPI/S027.csv	9323235cff34d89a5cbf2de0da66aa9e90b192cf6e2af52a793182c369192c92
sub-seeg028/ieeg/sub-seeg028_desc-gmpi_contacts.csv	Supporting_Files_SEEG.zip	GMPI/S028.csv	3e652910a0f7cce20a3bdddf04f8676274002d3f0de34ba1ea61ff646337f314
sub-seeg029/ieeg/sub-seeg029_desc-gmpi_contacts.csv	Supporting_Files_SEEG.zip	GMPI/S029.csv	6aa791c65e6a81a36829c05e1e74eb161bc0e8868ca5c003846ebbc853af2039
sub-seeg030/ieeg/sub-seeg030_desc-gmpi_contacts.csv	Supporting_Files_SEEG.zip	GMPI/S030.csv	6d3ad4ceb3d84193a9c799ea1efe497df02284973c7e3bdf4f841b4b6dfa83cf
sub-seeg031/ieeg/sub-seeg031_desc-gmpi_contacts.csv	Supporting_Files_SEEG.zip	GMPI/S031.csv	d7054343889c4f508c276e18e36d78926b159a8f24c22f19448b95cd47f55ba7
sub-seeg032/ieeg/sub-seeg032_desc-gmpi_contacts.csv	Supporting_Files_SEEG.zip	GMPI/S032.csv	f270d279517a4e9364b5f7699639d66369a73bf537bac7a001eea574cc9f8f7f
sub-seeg033/ieeg/sub-seeg033_desc-gmpi_contacts.csv	Supporting_Files_SEEG.zip	GMPI/S033.csv	ecee70981239c3ac689fedce7e5a0a7459adbcad401c118a58907fb5dd5f56fa
sub-seeg034/ieeg/sub-seeg034_desc-gmpi_contacts.csv	Supporting_Files_SEEG.zip	GMPI/S034.csv	bba92cdcc60f3e4e82c0f0b78187f38c1349e1e9a5e852687fbeb37ed12268b0
sub-seeg035/ieeg/sub-seeg035_desc-gmpi_contacts.csv	Supporting_Files_SEEG.zip	GMPI/S035.csv	45e7aa8c05a342e1ef85b8b76efea7b32911970d03097a61b68c1eced1085a68
sub-seeg036/ieeg/sub-seeg036_desc-gmpi_contacts.csv	Supporting_Files_SEEG.zip	GMPI/S036.csv	1995f2fc25c0934ea859f29955e5640d9f9bc631690f3c1b2537c821c8c9bd9e
sub-seeg037/ieeg/sub-seeg037_desc-gmpi_contacts.csv	Supporting_Files_SEEG.zip	GMPI/S037.csv	0c36c8f801fea33179b21b02fec168202e929de5295b43f8986758610c60a6da
sub-seeg038/ieeg/sub-seeg038_desc-gmpi_contacts.csv	Supporting_Files_SEEG.zip	GMPI/S038.csv	b8fb5b0f0996a075100bdae260eb4681dc17b345a2773ba2673ba28af36177c8
sub-seeg039/ieeg/sub-seeg039_desc-gmpi_contacts.csv	Supporting_Files_SEEG.zip	GMPI/S039.csv	5200b3ecf90d34f6bc77379d4be66b9cdec2753df6f33f5126580a5ffa2ab45a
sub-seeg040/ieeg/sub-seeg040_desc-gmpi_contacts.csv	Supporting_Files_SEEG.zip	GMPI/S040.csv	89d64a8af9ab9dc45c8b146693e1cea7f64e6351f8f0af160b0ad88250d5decf
sub-seeg041/ieeg/sub-seeg041_desc-gmpi_contacts.csv	Supporting_Files_SEEG.zip	GMPI/S041.csv	731cde3e427853dc43f9a80c1edb115b2a038faa4777abe997474236a8c491b8
sub-seeg042/ieeg/sub-seeg042_desc-gmpi_contacts.csv	Supporting_Files_SEEG.zip	GMPI/S042.csv	d4053584ca45e39339e72763a4b8df591f15c6b1d871274155ee164ea4013f7b
sub-seeg043/ieeg/sub-seeg043_desc-gmpi_contacts.csv	Supporting_Files_SEEG.zip	GMPI/S043.csv	041171b831a8944fc6ad931372eafe034e622cabd443302b33b3d54aed89fd31
sub-seeg044/ieeg/sub-seeg044_desc-gmpi_contacts.csv	Supporting_Files_SEEG.zip	GMPI/S044.csv	6fef235e74dc78d65a264088891731cda2c114d9e8181dda49f38349305115eb
sub-seeg045/ieeg/sub-seeg045_desc-gmpi_contacts.csv	Supporting_Files_SEEG.zip	GMPI/S045.csv	4b92873596415c93bde4e97f37b1ad8544a5f29fd8adc0aba5152559ad8c37a2
sub-seeg046/ieeg/sub-seeg046_desc-gmpi_contacts.csv	Supporting_Files_SEEG.zip	GMPI/S046.csv	a3908945294a8ed73e03015f98057460ba9540d3610c7ea096005a403b01fb61
sub-seeg047/ieeg/sub-seeg047_desc-gmpi_contacts.csv	Supporting_Files_SEEG.zip	GMPI/S047.csv	348f58a9bc6ded3acfa9de5ddc2679583b1fe1036e678889faea1c0ad59c73ef
sub-seeg048/ieeg/sub-seeg048_desc-gmpi_contacts.csv	Supporting_Files_SEEG.zip	GMPI/S048.csv	c1514be95a4fa844113737a51ab1ddf11754e15039ac38020114b6c2a446450f
sub-seeg049/ieeg/sub-seeg049_desc-gmpi_contacts.csv	Supporting_Files_SEEG.zip	GMPI/S049.csv	ed90e080ee9e3548ecfbab9ee2acfe4ef649e8ccaea380aa5cae309c75a56f9a
sub-seeg050/ieeg/sub-seeg050_desc-gmpi_contacts.csv	Supporting_Files_SEEG.zip	GMPI/S050.csv	bb891cda40a2384fc765df3f4f36ff7fd9858c0128ad89684ba1dc3a326f5309
sub-seeg051/ieeg/sub-seeg051_desc-gmpi_contacts.csv	Supporting_Files_SEEG.zip	GMPI/S051.csv	aa753011d68111b5d899d0c44071d2529cb24d34bd50b5dc620e3d538a91cfff
sub-seeg052/ieeg/sub-seeg052_desc-gmpi_contacts.csv	Supporting_Files_SEEG.zip	GMPI/S052.csv	b1691b897e95453ec47d9daa2104947e124202b89f6498eda39c5a04a22e2c5c
sub-seeg053/ieeg/sub-seeg053_desc-gmpi_contacts.csv	Supporting_Files_SEEG.zip	GMPI/S053.csv	6a15085c599f9b72b93c766f2a9218f522cb3225d8aa349a1b9c9a7e57eda616
sub-seeg054/ieeg/sub-seeg054_desc-gmpi_contacts.csv	Supporting_Files_SEEG.zip	GMPI/S054.csv	469595203ed450afc6131593a206488820a6ead67a65bf5ef8f1900ffc86640f
sub-seeg055/ieeg/sub-seeg055_desc-gmpi_contacts.csv	Supporting_Files_SEEG.zip	GMPI/S055.csv	a4489853014c01937e38907d72f46702bb1b1f04d4c5804fd23538bec70f473c
sub-seeg056/ieeg/sub-seeg056_desc-gmpi_contacts.csv	Supporting_Files_SEEG.zip	GMPI/S056.csv	8c3d083122a51e0e58180d73e628d9aaa187b4d07b038f07241967dd22a30144
sub-seeg057/ieeg/sub-seeg057_desc-gmpi_contacts.csv	Supporting_Files_SEEG.zip	GMPI/S057.csv	0179c08c4ec9f36149775e05db45d464025e5673189d9a0a526e6e9a40b3bf23
sub-seeg058/ieeg/sub-seeg058_desc-gmpi_contacts.csv	Supporting_Files_SEEG.zip	GMPI/S058.csv	f393e14c950724117e27109410bba598e5e5e03522155bb0755b773cbfe846ee
sub-seeg059/ieeg/sub-seeg059_desc-gmpi_contacts.csv	Supporting_Files_SEEG.zip	GMPI/S059.csv	c6b5ac8813966bbf1db90bdcf0324dc50994cd7e0bd6438548c03837e1dcd581
sub-meg0119/meg/sub-meg0119_desc-crossparcelPLV200_parcels.csv	Supporting_Files_MEG.zip	S0119/Cross-Parcel PLV parc2009_200.csv	9c2667be94adddc844dc2b904437ab45e76cca39745597ec899906cec2575f68
sub-meg0119/meg/sub-meg0119_desc-parceldistances200_parcels.csv	Supporting_Files_MEG.zip	S0119/Parcel Distances parc2009_200.csv	b1c26387076aa24b6dc8f16dff3b9572bc65c1d0acd5ff2853d08d04dac48adc
sub-meg0119/meg/sub-meg0119_desc-parcelfidelity200_parcels.csv	Supporting_Files_MEG.zip	S0119/Parcel Fidelity parc2009_200.csv	b542e971aa39909ec7e87327274150ca42a99a1fc2c939eb7a3dc406d64b11aa
sub-meg0120/meg/sub-meg0120_desc-crossparcelPLV200_parcels.csv	Supporting_Files_MEG.zip	S0120/Cross-Parcel PLV parc2009_200.csv	3463d57672bccfe6164274ba0e2bc582d06035fb28d6b59336948d020be671b7
sub-meg0120/meg/sub-meg0120_desc-parceldistances200_parcels.csv	Supporting_Files_MEG.zip	S0120/Parcel Distances parc2009_200.csv	8699fca25f53f72818061c3923dc352c0ff80d94bd4e780de2e1e123ba3a0c23
sub-meg0120/meg/sub-meg0120_desc-parcelfidelity200_parcels.csv	Supporting_Files_MEG.zip	S0120/Parcel Fidelity parc2009_200.csv	ae7484706e010a387e350256d19b754bfb025846dbe4e35ed05501f83b6534b9
sub-meg0121/meg/sub-meg0121_desc-crossparcelPLV200_parcels.csv	Supporting_Files_MEG.zip	S0121/Cross-Parcel PLV parc2009_200.csv	69bb13615b7a298f28dfa79c13d46fdc48adf6b49059087b59ef728b303b6241
sub-meg0121/meg/sub-meg0121_desc-parceldistances200_parcels.csv	Supporting_Files_MEG.zip	S0121/Parcel Distances parc2009_200.csv	26abcddb3cbe2b7fa9c235897bad3dd40a5b83b1e0f783e8740867fa373e43e6
sub-meg0121/meg/sub-meg0121_desc-parcelfidelity200_parcels.csv	Supporting_Files_MEG.zip	S0121/Parcel Fidelity parc2009_200.csv	39fa8675450fdaede4e7d076ce37efa3b556274383753a1443f2c577fd8b98ff
sub-meg0123/meg/sub-meg0123_desc-crossparcelPLV200_parcels.csv	Supporting_Files_MEG.zip	S0123/Cross-Parcel PLV parc2009_200.csv	aa71684d0f24ecfff491f142ed9c78765189bd736762854f2b7124c467e718a0
sub-meg0123/meg/sub-meg0123_desc-parceldistances200_parcels.csv	Supporting_Files_MEG.zip	S0123/Parcel Distances parc2009_200.csv	71dbd3ce82a496f632cf1c649c989997e419226df3a1fd69d9678dde6c45bc23
sub-meg0123/meg/sub-meg0123_desc-parcelfidelity200_parcels.csv	Supporting_Files_MEG.zip	S0123/Parcel Fidelity parc2009_200.csv	96779166b69864f1c4a728e54c5329aa2b2c067bc2891870c183f79d3ddaad6e
sub-meg0124/meg/sub-meg0124_desc-crossparcelPLV200_parcels.csv	Supporting_Files_MEG.zip	S0124/Cross-Parcel PLV parc2009_200.csv	1914f95774421f155196807ce12f03acc00e6e91f48678b1c251d4db5ce32e41
sub-meg0124/meg/sub-meg0124_desc-parceldistances200_parcels.csv	Supporting_Files_MEG.zip	S0124/Parcel Distances parc2009_200.csv	18ebe344e3445326b18ae49ceb110ea4aee968717f0a0dd0b53fb48a29d8f8c7
sub-meg0124/meg/sub-meg0124_desc-parcelfidelity200_parcels.csv	Supporting_Files_MEG.zip	S0124/Parcel Fidelity parc2009_200.csv	5a959aa7b86e3521c4f57b825d63a07cd5e4a0181c36e8385116bc4f5e28092f
sub-meg0126/meg/sub-meg0126_desc-crossparcelPLV200_parcels.csv	Supporting_Files_MEG.zip	S0126/Cross-Parcel PLV parc2009_200.csv	246bca85f9808c0fa49c5c927f777c492c434005dd593d635b2e37268bfcef84
sub-meg0126/meg/sub-meg0126_desc-parceldistances200_parcels.csv	Supporting_Files_MEG.zip	S0126/Parcel Distances parc2009_200.csv	b2e30c70c65fb266b2e0debbe12d58e13663f6801980da8817e6a3cf14bca5c6
sub-meg0126/meg/sub-meg0126_desc-parcelfidelity200_parcels.csv	Supporting_Files_MEG.zip	S0126/Parcel Fidelity parc2009_200.csv	3f8e22479ac4b1fcc92761a01c116643a27cd357e225cc1f00da517aa881776b
sub-meg0127/meg/sub-meg0127_desc-crossparcelPLV200_parcels.csv	Supporting_Files_MEG.zip	S0127/Cross-Parcel PLV parc2009_200.csv	c339312031b1da9757b8ca9eaa3e0a8d6c69ba10e4fa0edc38cd2f9e0bb43f95
sub-meg0127/meg/sub-meg0127_desc-parceldistances200_parcels.csv	Supporting_Files_MEG.zip	S0127/Parcel Distances parc2009_200.csv	73a721d4c810f5a99a46596dc51065e0cc63176689d7b5c04c887575b77c5950
sub-meg0127/meg/sub-meg0127_desc-parcelfidelity200_parcels.csv	Supporting_Files_MEG.zip	S0127/Parcel Fidelity parc2009_200.csv	f7dbe51a5dc999e8bbb3d74d928abcbc83915882a8df8eb1946b9dda8585052d
sub-meg0128/meg/sub-meg0128_desc-crossparcelPLV200_parcels.csv	Supporting_Files_MEG.zip	S0128/Cross-Parcel PLV parc2009_200.csv	f3a8ecd9ca4e2e4e7589bbca1180af3726d2dd8d592c2027acfee250befcfb6f
sub-meg0128/meg/sub-meg0128_desc-parceldistances200_parcels.csv	Supporting_Files_MEG.zip	S0128/Parcel Distances parc2009_200.csv	de717f68d2ecae40311c25a3b7a46fa3433372d2b0bdbe0701e56fc331f88581
sub-meg0128/meg/sub-meg0128_desc-parcelfidelity200_parcels.csv	Supporting_Files_MEG.zip	S0128/Parcel Fidelity parc2009_200.csv	9dc6c55cf4652f604d16020360d88898dc59777ca8bf0e59006f12f2239ff322
sub-meg0130/meg/sub-meg0130_desc-crossparcelPLV200_parcels.csv	Supporting_Files_MEG.zip	S0130/Cross-Parcel PLV parc2009_200.csv	96b26d15d55b771a5cdf00ebe94bdce999360261f0ceb747bb6306289571851f
sub-meg0130/meg/sub-meg0130_desc-parceldistances200_parcels.csv	Supporting_Files_MEG.zip	S0130/Parcel Distances parc2009_200.csv	1f5a02e30f758acc40e246a798b92eb29b98149200f2a46889961fc9e6cea8fe
sub-meg0130/meg/sub-meg0130_desc-parcelfidelity200_parcels.csv	Supporting_Files_MEG.zip	S0130/Parcel Fidelity parc2009_200.csv	6778d1cfbba9a2477aa92bc99c9b33f729026a1b8ef770d8c725018feebe3ea0
sub-meg0156/meg/sub-meg0156_desc-crossparcelPLV148_parcels.csv	Supporting_Files_MEG.zip	S0156/Cross-Parcel PLV parc2009.csv	0c6b640b196b6338078cf02bb3b71059ed5358ea6eda58bfa88bffc9360ff31c
sub-meg0156/meg/sub-meg0156_desc-parcelfidelity148_parcels.csv	Supporting_Files_MEG.zip	S0156/Parcel Fidelity parc2009.csv	7db2b9839ec6e1fecaaf6f5db935914378d21cdbd93662359d3b999ecbf0641f
sub-meg0166/meg/sub-meg0166_desc-crossparcelPLV148_parcels.csv	Supporting_Files_MEG.zip	S0166/Cross-Parcel PLV parc2009.csv	3c8977b9556ceef095b18a9e50a842afff78cdb34b6cc84cb5402451da273fe5
sub-meg0166/meg/sub-meg0166_desc-parcelfidelity148_parcels.csv	Supporting_Files_MEG.zip	S0166/Parcel Fidelity parc2009.csv	cc6a7f6862a1f7c04a67242dd219675d7a58d29d52c8da008783743377fb0377
sub-meg0172/meg/sub-meg0172_desc-crossparcelPLV148_parcels.csv	Supporting_Files_MEG.zip	S0172/Cross-Parcel PLV parc2009.csv	0ad224baa8eff6ed2073e7c209d15f02531213d1e614585e274a67e7a2e1073d
sub-meg0172/meg/sub-meg0172_desc-parcelfidelity148_parcels.csv	Supporting_Files_MEG.zip	S0172/Parcel Fidelity parc2009.csv	0d2ccc77b1e16dc9580ea952204567188eba09fd691ea45b93ae8a3e57b34a9b
sub-meg0173/meg/sub-meg0173_desc-crossparcelPLV148_parcels.csv	Supporting_Files_MEG.zip	S0173/Cross-Parcel PLV parc2009.csv	6fd6f5771e7470c8763e390350ee1ef4c6ff549c5d0deea3c0e8fda02f6b742a
sub-meg0173/meg/sub-meg0173_desc-parcelfidelity148_parcels.csv	Supporting_Files_MEG.zip	S0173/Parcel Fidelity parc2009.csv	e785011f7235be1c519d382d96342dc7ac919689593b9bc81e9ebe4f09bf20c0
sub-meg0174/meg/sub-meg0174_desc-crossparcelPLV148_parcels.csv	Supporting_Files_MEG.zip	S0174/Cross-Parcel PLV parc2009.csv	6045a4be62b55ff2c790d905dacf7e656ce105b7637993697e55bfe0615dac7c
sub-meg0174/meg/sub-meg0174_desc-parcelfidelity148_parcels.csv	Supporting_Files_MEG.zip	S0174/Parcel Fidelity parc2009.csv	b1104013d53b26b997b3f709c08ef6b40a9780991ff75870187cb99633738add
group/meg/CF_matrix_MEG.csv	Supporting_Files_MEG.zip	CF_matrix_MEG.csv	de1a90fe9a985e330cf9a277688f07b6989e6778fe86146572ee931bc4d431cd
group/meg/morphing_targets_200_to_148.csv	Supporting_Files_MEG.zip	morphing targets 200 to 148.csv	1c461bbe6da14c923a0cfe9a3c75ea5bd78f3f253e518fc0a5a5bb3c58222a68
group/meg/Parcel_names_200.csv	Supporting_Files_MEG.zip	Parcel names 200.csv	7fd2f2bf64ac6c9dda52514261ba0c2568f4251488781f7265c981274df94f51
sub-meg0001/meg/sub-meg0001_desc-crossparcelPLV148_parcels.csv	Supporting_Files_MEG.zip	S0001/Cross-Parcel PLV parc2009.csv	d483a13a8c8eac3f8ae1538ed0619950a4dd04eb5975615d1611c22e14c5aa7d
sub-meg0001/meg/sub-meg0001_desc-parcelfidelity148_parcels.csv	Supporting_Files_MEG.zip	S0001/Parcel Fidelity parc2009.csv	c8a0c64444ed78632e510c5ba33c62ac8de867c60f5fd1295fc99a5c88e1982e
sub-meg0006/meg/sub-meg0006_desc-crossparcelPLV148_parcels.csv	Supporting_Files_MEG.zip	S0006/Cross-Parcel PLV parc2009.csv	4dde50a3e8cb01eb99b5c61b47a603b2f007f753a1644ba5e9f95a160bc34d1f
sub-meg0006/meg/sub-meg0006_desc-crossparcelPLV200_parcels.csv	Supporting_Files_MEG.zip	S0006/Cross-Parcel PLV parc2009_200.csv	5251d5e28c05c8934f400d9e5f30eaf004fd8a637810c1ba8634fbadb5d50579
sub-meg0006/meg/sub-meg0006_desc-parceldistances200_parcels.csv	Supporting_Files_MEG.zip	S0006/Parcel Distances parc2009_200.csv	b7adad1898dffaf28ca5431fe74ada109602c2e3ad9c2ac7a697c87bdf777eb9
sub-meg0006/meg/sub-meg0006_desc-parcelfidelity148_parcels.csv	Supporting_Files_MEG.zip	S0006/Parcel Fidelity parc2009.csv	db46d71e3a23e252a3a4f192a9473f02e5bd39f68ee70b4b7dbc34243a633466
sub-meg0006/meg/sub-meg0006_desc-parcelfidelity200_parcels.csv	Supporting_Files_MEG.zip	S0006/Parcel Fidelity parc2009_200.csv	28fa1872d67edae54e74ccdaaa3f9b715ff42781af395d58cba4e3a1ff93b577
sub-meg0008/meg/sub-meg0008_desc-crossparcelPLV148_parcels.csv	Supporting_Files_MEG.zip	S0008/Cross-Parcel PLV parc2009.csv	2ccacad9f9ea4fe21c7b32147c8c51ba9a04241a3e95c07e36972a4c0126f729
sub-meg0008/meg/sub-meg0008_desc-crossparcelPLV200_parcels.csv	Supporting_Files_MEG.zip	S0008/Cross-Parcel PLV parc2009_200.csv	8c53798ea02120f0f6131826bbb6f501706b56cf818c826b8c73cc7985bbe9e8
sub-meg0008/meg/sub-meg0008_desc-parceldistances200_parcels.csv	Supporting_Files_MEG.zip	S0008/Parcel Distances parc2009_200.csv	04cca73fc314d657ff9cf30504258d412cd94916fd47923fd64fe844f4ddbdde
sub-meg0008/meg/sub-meg0008_desc-parcelfidelity148_parcels.csv	Supporting_Files_MEG.zip	S0008/Parcel Fidelity parc2009.csv	2e1cd46d22ad1d65bc21703300286893a2227ed0fd4d3d1786c7af71f8e6e8e6
sub-meg0008/meg/sub-meg0008_desc-parcelfidelity200_parcels.csv	Supporting_Files_MEG.zip	S0008/Parcel Fidelity parc2009_200.csv	22be472d0dcd3fca85ea0570306cfa13d08e08360782c25fa62d4417db9a6d83
sub-meg0035/meg/sub-meg0035_desc-crossparcelPLV200_parcels.csv	Supporting_Files_MEG.zip	S0035/Cross-Parcel PLV parc2009_200.csv	f238f6f200da90e815361ad45fde47aaf19577fc49edb9fa106719856766031c
sub-meg0035/meg/sub-meg0035_desc-parceldistances200_parcels.csv	Supporting_Files_MEG.zip	S0035/Parcel Distances parc2009_200.csv	eaafbcc3eb030d6dc5925fb0da0389d692d57e4aaea475bdd2dea5f5e6bd91c3
sub-meg0035/meg/sub-meg0035_desc-parcelfidelity200_parcels.csv	Supporting_Files_MEG.zip	S0035/Parcel Fidelity parc2009_200.csv	cdd8fe8b162b70532f38ff9c98e9840786ecade39707a4cc2f60344fb2f6a56e
sub-meg0038/meg/sub-meg0038_desc-crossparcelPLV200_parcels.csv	Supporting_Files_MEG.zip	S0038/Cross-Parcel PLV parc2009_200.csv	beea04629ebedce7ad2014aa813b33e82b26ce70b05157b59a230528d5a3ee49
sub-meg0038/meg/sub-meg0038_desc-parceldistances200_parcels.csv	Supporting_Files_MEG.zip	S0038/Parcel Distances parc2009_200.csv	c4f8f1b9cded05a78d94b267ee9d5fd99fca6364b39bedf6ec85eeac7954ca7d
sub-meg0038/meg/sub-meg0038_desc-parcelfidelity200_parcels.csv	Supporting_Files_MEG.zip	S0038/Parcel Fidelity parc2009_200.csv	c62f3f4e026862a17be5eaf33a311f9b1213006d5ec02dd4ac7bf6e8759aee17
sub-meg0039/meg/sub-meg0039_desc-crossparcelPLV200_parcels.csv	Supporting_Files_MEG.zip	S0039/Cross-Parcel PLV parc2009_200.csv	4476a1200eb62d416af303cfb4632717a41bc3edd9e9e679f534aa2edf1af0e2
sub-meg0039/meg/sub-meg0039_desc-parceldistances200_parcels.csv	Supporting_Files_MEG.zip	S0039/Parcel Distances parc2009_200.csv	eb1e195e95a98b829d3b7f1bba8084b7015b32a63bdd06764b15fe8bb7eb764c
sub-meg0039/meg/sub-meg0039_desc-parcelfidelity200_parcels.csv	Supporting_Files_MEG.zip	S0039/Parcel Fidelity parc2009_200.csv	7309e2d220cfb24015ceab1fe4bae9c402b86e5540409c05bdc6390b9f5a0b1f
sub-meg0049/meg/sub-meg0049_desc-crossparcelPLV200_parcels.csv	Supporting_Files_MEG.zip	S0049/Cross-Parcel PLV parc2009_200.csv	43344b3c7eda11db8554419468f539c8e4066cb979fe18c60a7c7bd0dd7f8035
sub-meg0049/meg/sub-meg0049_desc-parceldistances200_parcels.csv	Supporting_Files_MEG.zip	S0049/Parcel Distances parc2009_200.csv	caf47d361e234e2fb391ccb98827046b57184c72a2a1336a1e85cbd43da4eb1e
sub-meg0049/meg/sub-meg0049_desc-parcelfidelity200_parcels.csv	Supporting_Files_MEG.zip	S0049/Parcel Fidelity parc2009_200.csv	c937fa90774529468249f042d71bb007736d8bc7d1dcf2ffe1589d80fb69b9dd
sub-meg0113/meg/sub-meg0113_desc-crossparcelPLV148_parcels.csv	Supporting_Files_MEG.zip	S0113/Cross-Parcel PLV parc2009.csv	b30b94b1cea792fd7acb10f5c6c798ad906754d4b91e84a946cc678959144d3a
sub-meg0113/meg/sub-meg0113_desc-crossparcelPLV200_parcels.csv	Supporting_Files_MEG.zip	S0113/Cross-Parcel PLV parc2009_200.csv	6a4a226bf680ace9a265e721eadc7a09b143998a04fa391eabee3d1d291c2abd
sub-meg0113/meg/sub-meg0113_desc-parceldistances200_parcels.csv	Supporting_Files_MEG.zip	S0113/Parcel Distances parc2009_200.csv	d6d7d1714749925f75b796f60f51306c1366ada2aa02a2bfeffe807d19b5ed77
sub-meg0113/meg/sub-meg0113_desc-parcelfidelity148_parcels.csv	Supporting_Files_MEG.zip	S0113/Parcel Fidelity parc2009.csv	a40119a7f7b971abd8f6d5762e9a51d474e4cbfc01e082bd8ca4a74d3d6ca0b2
sub-meg0113/meg/sub-meg0113_desc-parcelfidelity200_parcels.csv	Supporting_Files_MEG.zip	S0113/Parcel Fidelity parc2009_200.csv	e3b8af3daf4fbda0cd86a1c2312ffd5421b93f5098c12667194ef1f6dcc0812c
sub-meg0116/meg/sub-meg0116_desc-crossparcelPLV148_parcels.csv	Supporting_Files_MEG.zip	S0116/Cross-Parcel PLV parc2009.csv	31b6d3dc1b0976603d08414088ecfb3de2139c6abc68192367e4bfd21ce250f0
sub-meg0116/meg/sub-meg0116_desc-crossparcelPLV200_parcels.csv	Supporting_Files_MEG.zip	S0116/Cross-Parcel PLV parc2009_200.csv	adec8ebfa68846fe144f9c11bb6c223ee49a95ce16fdf95c211c901c3e283b31
sub-meg0116/meg/sub-meg0116_desc-parceldistances200_parcels.csv	Supporting_Files_MEG.zip	S0116/Parcel Distances parc2009_200.csv	1ae6aaebea1d540e4986c820c77981376420164d778b2b7dfd5972cd5e07122e
sub-meg0116/meg/sub-meg0116_desc-parcelfidelity148_parcels.csv	Supporting_Files_MEG.zip	S0116/Parcel Fidelity parc2009.csv	9c83d11e63bbb0f1141f78772eac0711719e002bdf43eb81a759d276369b854b
sub-meg0116/meg/sub-meg0116_desc-parcelfidelity200_parcels.csv	Supporting_Files_MEG.zip	S0116/Parcel Fidelity parc2009_200.csv	5237bd372e84fc950199d8037877342ea60c0c4cfd8fa44ede4dd42df34bcdb5
sub-meg0117/meg/sub-meg0117_desc-crossparcelPLV200_parcels.csv	Supporting_Files_MEG.zip	S0117/Cross-Parcel PLV parc2009_200.csv	f3003b2f1240f2da9ed8bea3cc4ffc125ee0c786ef775a3c493bec3cde53d062
sub-meg0117/meg/sub-meg0117_desc-parceldistances200_parcels.csv	Supporting_Files_MEG.zip	S0117/Parcel Distances parc2009_200.csv	b4da11bebaa9d6cacc458fa1652239d0ea9c38e13f46eef99c5310b1a83cd4ef
sub-meg0117/meg/sub-meg0117_desc-parcelfidelity200_parcels.csv	Supporting_Files_MEG.zip	S0117/Parcel Fidelity parc2009_200.csv	7c8a0a0ed5bee802f5f649572b804b26674456d222193e432b0bae957c48d545
sub-meg0118/meg/sub-meg0118_desc-crossparcelPLV200_parcels.csv	Supporting_Files_MEG.zip	S0118/Cross-Parcel PLV parc2009_200.csv	3061b742ab919b5d44ed4eff23d4339bfccdc829026a51a9f4d1ca3fe8a8be7e
sub-meg0118/meg/sub-meg0118_desc-parceldistances200_parcels.csv	Supporting_Files_MEG.zip	S0118/Parcel Distances parc2009_200.csv	9bed17988cf36d51f247e1063d4554e425e8d0df9f80c925147771cfbec46081
sub-meg0118/meg/sub-meg0118_desc-parcelfidelity200_parcels.csv	Supporting_Files_MEG.zip	S0118/Parcel Fidelity parc2009_200.csv	c6d6a3e3e215e632b6eadf77634b80d35473149fdafa9203045c4a1233a1e56e
group/plot_data/S5_Fig/MEG_local_CFS_GS_1-2.csv	Plot_Data.zip	S5_Fig/MEG local CFS GS 1-2.csv	83f024ec2ce3774ba5233ec048d9d59bef2c4f3967de95fa9fc7fabab2b1b7dd
group/plot_data/S5_Fig/MEG_local_CFS_GS_1-3.csv	Plot_Data.zip	S5_Fig/MEG local CFS GS 1-3.csv	6087fd12edfcc1706804e4bf8b28831aca1c86b5bf68aeededa22453319b1624
group/plot_data/S5_Fig/MEG_local_CFS_GS_1-4.csv	Plot_Data.zip	S5_Fig/MEG local CFS GS 1-4.csv	4dff72997c9b4dc76916b98f80515fafdf571dcc6537b70c6c96c77209cd9923
group/plot_data/S5_Fig/MEG_local_CFS_GS_1-5.csv	Plot_Data.zip	S5_Fig/MEG local CFS GS 1-5.csv	489cd0a688ecaf0b6bcba99d3a18f82531e4f12ed27df4260dcf9228a34be614
group/plot_data/S5_Fig/MEG_local_CFS_GS_1-6.csv	Plot_Data.zip	S5_Fig/MEG local CFS GS 1-6.csv	1dae5d2fe590bb81385c75bd25f6235156582278970e1ae325917bfc6ef0dd8d
group/plot_data/S5_Fig/MEG_local_CFS_GS_1-7.csv	Plot_Data.zip	S5_Fig/MEG local CFS GS 1-7.csv	8096eed7fb5bc4c4807cf4c711c8e8e4259b1a43bce7616f4dc7e63b329ec2ef
group/plot_data/S5_Fig/MEG_local_CFS_K_1-2.csv	Plot_Data.zip	S5_Fig/MEG local CFS K 1-2.csv	01b8e14baf12eec109f4d81aa6370640eb04941faa07638fd277d257a3ccf80f
group/plot_data/S5_Fig/MEG_local_CFS_K_1-3.csv	Plot_Data.zip	S5_Fig/MEG local CFS K 1-3.csv	eb70e6b3435d35cbee612a40c977c142abf7781de2fd03430a1d471ff338215f
group/plot_data/S5_Fig/MEG_local_CFS_K_1-4.csv	Plot_Data.zip	S5_Fig/MEG local CFS K 1-4.csv	8b164067c8d6fa323f5377e460ac57d3313e1422d6f3a7f5995f5e6a085b2dd5
group/plot_data/S5_Fig/MEG_local_CFS_K_1-5.csv	Plot_Data.zip	S5_Fig/MEG local CFS K 1-5.csv	869bb6874267b55f8c5036621ffa1fc24aed81e6b90967cb35fec21669038218
group/plot_data/S5_Fig/MEG_local_CFS_K_1-6.csv	Plot_Data.zip	S5_Fig/MEG local CFS K 1-6.csv	c792972698df2a15d475bd9f5205688097e45e6a443a4468419c449be770fb94
group/plot_data/S5_Fig/MEG_local_CFS_K_1-7.csv	Plot_Data.zip	S5_Fig/MEG local CFS K 1-7.csv	271f239b2da0d31d2b74830b5fd4bda31f48661373a75a9c3595144a623d82f1
group/plot_data/S5_Fig/MEG_local_PAC_GS_1-2.csv	Plot_Data.zip	S5_Fig/MEG local PAC GS 1-2.csv	b142c6f64570ccf29b0515dcd14f2fa0c0eda3bd1ffb8ecfefd635682c6bb010
group/plot_data/S5_Fig/MEG_local_PAC_GS_1-3.csv	Plot_Data.zip	S5_Fig/MEG local PAC GS 1-3.csv	fa0f4a2a1ad42d0db13880494401c0b6a4b5f2a576d75fec2bab687d9fddd6f3
group/plot_data/S5_Fig/MEG_local_PAC_GS_1-4.csv	Plot_Data.zip	S5_Fig/MEG local PAC GS 1-4.csv	b4fe4aa64ee21e4b24139b05b4d5656256d9d2808aaca80d753ff2935ba37059
group/plot_data/S5_Fig/MEG_local_PAC_GS_1-5.csv	Plot_Data.zip	S5_Fig/MEG local PAC GS 1-5.csv	122b8ed6af056c040d91e56fc05031b732cd8d57187d702b29b7b3d2390449ed
group/plot_data/S5_Fig/MEG_local_PAC_GS_1-6.csv	Plot_Data.zip	S5_Fig/MEG local PAC GS 1-6.csv	21c99e8a7d8b52fa6af9c52b281a6f9155f8c55eea6145b72a1da52c2417e492
group/plot_data/S5_Fig/MEG_local_PAC_GS_1-7.csv	Plot_Data.zip	S5_Fig/MEG local PAC GS 1-7.csv	5b20ca3b8cf95a4b42ad62b1e501f616ee28afa28f81d0f795cf8254bb6847ab
group/plot_data/S5_Fig/MEG_local_PAC_K_1-2.csv	Plot_Data.zip	S5_Fig/MEG local PAC K 1-2.csv	19cc61398603b484f844657538e57bb1c8cf70efaa212ac4dc70a4f438d134a9
group/plot_data/S5_Fig/MEG_local_PAC_K_1-3.csv	Plot_Data.zip	S5_Fig/MEG local PAC K 1-3.csv	2260b700418eb38915243385eddfd577e1a56f98e9f46a12f0c158a729388210
group/plot_data/S5_Fig/MEG_local_PAC_K_1-4.csv	Plot_Data.zip	S5_Fig/MEG local PAC K 1-4.csv	12d958fb618331d056fe3ccb66ad1f2f9dda16423b7e2d782c51b68a3db2bd70
group/plot_data/S5_Fig/MEG_local_PAC_K_1-5.csv	Plot_Data.zip	S5_Fig/MEG local PAC K 1-5.csv	51afec77762c9abca9adf826cd9a4eb1f74b6693f82d9256b8904b7c9f5497e4
group/plot_data/S5_Fig/MEG_local_PAC_K_1-6.csv	Plot_Data.zip	S5_Fig/MEG local PAC K 1-6.csv	c7f90c29cc3433e43a42745cbe5c8160cc3fcb37697df3aaf1c281652758b77b
group/plot_data/S5_Fig/MEG_local_PAC_K_1-7.csv	Plot_Data.zip	S5_Fig/MEG local PAC K 1-7.csv	6c861426e5000266ef18f01fa3f0a7a1852dbb7a46379352ec1b8e667bd670c9
group/plot_data/S5_Fig/SEEG_local_CFS_GS_1-2.csv	Plot_Data.zip	S5_Fig/SEEG local CFS GS 1-2.csv	496161febb078f72da48dfd2cd764c0540f0758940d761efcfd61de7ae716fa1
group/plot_data/S5_Fig/SEEG_local_CFS_GS_1-3.csv	Plot_Data.zip	S5_Fig/SEEG local CFS GS 1-3.csv	f8a4209ac6ea36139a735276355935278d9153fa5a2591d6e2ff50f934726aef
group/plot_data/S5_Fig/SEEG_local_CFS_GS_1-4.csv	Plot_Data.zip	S5_Fig/SEEG local CFS GS 1-4.csv	29a6a75855be01bbd665cfb56f27ed201145093a658a3fe4ceecc2cd0ef26682
group/plot_data/S5_Fig/SEEG_local_CFS_GS_1-5.csv	Plot_Data.zip	S5_Fig/SEEG local CFS GS 1-5.csv	852364f2d26155bfa719e838adaffafdbcb39364441ed934ecb993fb45e1afdd
group/plot_data/S5_Fig/SEEG_local_CFS_GS_1-6.csv	Plot_Data.zip	S5_Fig/SEEG local CFS GS 1-6.csv	224119e233b243a063af39dac66cffb0873b1df8de353abac6d566dc2392a2b6
group/plot_data/S5_Fig/SEEG_local_CFS_GS_1-7.csv	Plot_Data.zip	S5_Fig/SEEG local CFS GS 1-7.csv	c5dd226d03f29a6b8998a44833dd61d69ff650be5808b3ce37da249c7032964f
group/plot_data/S5_Fig/SEEG_local_CFS_K_1-2.csv	Plot_Data.zip	S5_Fig/SEEG local CFS K 1-2.csv	9436282774b8e9020cfbb13d14c95fabf13ee49f0a560b717e33c7b0ac61d73d
group/plot_data/S5_Fig/SEEG_local_CFS_K_1-3.csv	Plot_Data.zip	S5_Fig/SEEG local CFS K 1-3.csv	03aab3bfd4e78c76cd8677c70867c2dbdedc7c751d0eb4e062e8cf0916cdab0f
group/plot_data/S5_Fig/SEEG_local_CFS_K_1-4.csv	Plot_Data.zip	S5_Fig/SEEG local CFS K 1-4.csv	7a150365742b4afc67abecd620dcf932424ee8d4064ba8cb8767d1644b8d45e6
group/plot_data/S5_Fig/SEEG_local_CFS_K_1-5.csv	Plot_Data.zip	S5_Fig/SEEG local CFS K 1-5.csv	040fefe4ca9e881d6a1ff7286c23181e78c3f5bf27ea5e900b0f9877617366a4
group/plot_data/S5_Fig/SEEG_local_CFS_K_1-6.csv	Plot_Data.zip	S5_Fig/SEEG local CFS K 1-6.csv	9587209d20565290cbd912721d26498839dc718e19fd3e65afe58b140e616564
group/plot_data/S5_Fig/SEEG_local_CFS_K_1-7.csv	Plot_Data.zip	S5_Fig/SEEG local CFS K 1-7.csv	e2d056bbc6314f4a1dbef280ac75236d1a57334da594e5d333ea62087523a2d6
group/plot_data/S5_Fig/SEEG_local_PAC_GS_1-2.csv	Plot_Data.zip	S5_Fig/SEEG local PAC GS 1-2.csv	d9e4792a43000251b0cf0aa004436fec5008f991a976a8b570749accf9bff1d5
group/plot_data/S5_Fig/SEEG_local_PAC_GS_1-3.csv	Plot_Data.zip	S5_Fig/SEEG local PAC GS 1-3.csv	2059b8e0a86378ffc54eaf282f97ac5f78d43d0601e1f5eaff550ccb2f42ca3d
group/plot_data/S5_Fig/SEEG_local_PAC_GS_1-4.csv	Plot_Data.zip	S5_Fig/SEEG local PAC GS 1-4.csv	43e484e63a2779d0bc99859a7c19a15f5faedcde1e86a42edaa3ae5b6ebbe177
group/plot_data/S5_Fig/SEEG_local_PAC_GS_1-5.csv	Plot_Data.zip	S5_Fig/SEEG local PAC GS 1-5.csv	71e3a80657b6d29110d1703554520347e398165cf6a5371408d6d8cf04584053
group/plot_data/S5_Fig/SEEG_local_PAC_GS_1-6.csv	Plot_Data.zip	S5_Fig/SEEG local PAC GS 1-6.csv	e6c9e6ba8acb449875913990d01605549f09b7606d44b2ad818efba3d4b31a93
group/plot_data/S5_Fig/SEEG_local_PAC_GS_1-7.csv	Plot_Data.zip	S5_Fig/SEEG local PAC GS 1-7.csv	e6586ad7a5e56a17379d463789268e7f81d4380c0776291ac6790bd6a2e5083b
group/plot_data/S5_Fig/SEEG_local_PAC_K_1-2.csv	Plot_Data.zip	S5_Fig/SEEG local PAC K 1-2.csv	3f91cb40f4da92c8090b5da1027df221e23a9ace5ccdcd4f33b05c9cc707b84c
group/plot_data/S5_Fig/SEEG_local_PAC_K_1-3.csv	Plot_Data.zip	S5_Fig/SEEG local PAC K 1-3.csv	16c7d1d0faf3baac4427d33bfc904435ad0d2f7503971b74e1bded52881267f3
group/plot_data/S5_Fig/SEEG_local_PAC_K_1-4.csv	Plot_Data.zip	S5_Fig/SEEG local PAC K 1-4.csv	353708d17bd9d4806cae831a5a45d54206bc57b3d9ea16ab23ba4758636cf507
group/plot_data/S5_Fig/SEEG_local_PAC_K_1-5.csv	Plot_Data.zip	S5_Fig/SEEG local PAC K 1-5.csv	39f0d1db079d55bed1340239ccbd373cd50ddc3fb5408c572ca9611e76292593
group/plot_data/S5_Fig/SEEG_local_PAC_K_1-6.csv	Plot_Data.zip	S5_Fig/SEEG local PAC K 1-6.csv	2cb2e0acbda79485daba16892306479201e7216b212a02d7498f3993a2f0ce2a
group/plot_data/S5_Fig/SEEG_local_PAC_K_1-7.csv	Plot_Data.zip	S5_Fig/SEEG local PAC K 1-7.csv	8568ea1d598bdb94754701caa42f728226a1b9fec96d9354b9f3d5c824c2e198
group/plot_data/S6_Fig/MEG_ENV_GS_1-2.csv	Plot_Data.zip	S6_Fig/MEG ENV GS 1-2.csv	84dd1c3b0f09c23268a3c3c73d878a2d13c0bf851e849b818486b85048d96da0
group/plot_data/S6_Fig/MEG_ENV_GS_1-3.csv	Plot_Data.zip	S6_Fig/MEG ENV GS 1-3.csv	1bbceb781b5a917c2793c792b066f2d98ec2ac41468f4b6fe34880f960afd106
group/plot_data/S6_Fig/MEG_ENV_GS_1-4.csv	Plot_Data.zip	S6_Fig/MEG ENV GS 1-4.csv	bb19543159d3ad228a6baf0a24f7bc0f704035b37dd3ab710936097d0781cef1
group/plot_data/S6_Fig/MEG_ENV_GS_1-5.csv	Plot_Data.zip	S6_Fig/MEG ENV GS 1-5.csv	37cadfec68fd6ef5223b57c50b8ba7225b74049574d7629d9edda76437dcff76
group/plot_data/S6_Fig/MEG_ENV_GS_1-6.csv	Plot_Data.zip	S6_Fig/MEG ENV GS 1-6.csv	6f229320531e6f6cd8ce25f83cdecd46195c2f2e167e458ce6ce114918e11479
group/plot_data/S6_Fig/MEG_ENV_GS_1-7.csv	Plot_Data.zip	S6_Fig/MEG ENV GS 1-7.csv	1ee3d836483c238126b07dfa70be5f5f7f11baf2d8d320b0c811c83513497226
group/plot_data/S6_Fig/MEG_ENV_K_1-2.csv	Plot_Data.zip	S6_Fig/MEG ENV K 1-2.csv	ed665ac7b32590fc1760a1e67e7bbcc6514e607077d2431fb989df613e86fa32
group/plot_data/S6_Fig/MEG_ENV_K_1-3.csv	Plot_Data.zip	S6_Fig/MEG ENV K 1-3.csv	ff7959b880dddb71bdeb5d390e5b5483a3dd96547c4e03c40936c6f4ff043fd9
group/plot_data/S6_Fig/MEG_ENV_K_1-4.csv	Plot_Data.zip	S6_Fig/MEG ENV K 1-4.csv	920510897ab2329411926c0daff62f023a1a22f5bde2b20b40b50f2fba5add22
group/plot_data/S6_Fig/MEG_ENV_K_1-5.csv	Plot_Data.zip	S6_Fig/MEG ENV K 1-5.csv	d7db252a8e012e8c4a0e06709f2669a216f3eb8fa0faffd2c07e21b394ad455f
group/plot_data/S6_Fig/MEG_ENV_K_1-6.csv	Plot_Data.zip	S6_Fig/MEG ENV K 1-6.csv	1f062ff19b7dcc6df8dda8f67f0c7b551e19170606bd1175fcc4372c7a235f2d
group/plot_data/S6_Fig/MEG_ENV_K_1-7.csv	Plot_Data.zip	S6_Fig/MEG ENV K 1-7.csv	18c2602e323be54dc1707e59c15e4b1577a8cd777124d09b95b41f17868866e9
group/plot_data/S6_Fig/SEEG_ENV_GS_1-2.csv	Plot_Data.zip	S6_Fig/SEEG ENV GS 1-2.csv	6518bad12f94cd13f8bb450d86b529d4f54ca39bd5e3198600535be401be30d6
group/plot_data/S6_Fig/SEEG_ENV_GS_1-3.csv	Plot_Data.zip	S6_Fig/SEEG ENV GS 1-3.csv	9189609b6fbb066bd7cbe865ea337477440e607e5832ab5a00a0171218a20573
group/plot_data/S6_Fig/SEEG_ENV_GS_1-4.csv	Plot_Data.zip	S6_Fig/SEEG ENV GS 1-4.csv	52ea8bdb42a2dff4cd720a91c4bd6ea9979a8825f2324c82af4933a6ded5ff59
group/plot_data/S6_Fig/SEEG_ENV_GS_1-5.csv	Plot_Data.zip	S6_Fig/SEEG ENV GS 1-5.csv	3eff94dceed83a872b40fd5a368c911a21bfd70e7d8e99460bf4098ad78943fb
group/plot_data/S6_Fig/SEEG_ENV_GS_1-6.csv	Plot_Data.zip	S6_Fig/SEEG ENV GS 1-6.csv	8237cebcf9b48fcb5aca57983525119bd342ab9dd6ec6d5973cf6785e27c574f
group/plot_data/S6_Fig/SEEG_ENV_GS_1-7.csv	Plot_Data.zip	S6_Fig/SEEG ENV GS 1-7.csv	4039730d6c6851daa459de352014799ae62d93647c9f993be7b0b56ce7468074
group/plot_data/S6_Fig/SEEG_ENV_K_1-2.csv	Plot_Data.zip	S6_Fig/SEEG ENV K 1-2.csv	3cc0b23d7acdb9d95df8300618036992ef352b08f887691ccf8bce61a548f53d
group/plot_data/S6_Fig/SEEG_ENV_K_1-3.csv	Plot_Data.zip	S6_Fig/SEEG ENV K 1-3.csv	86d9698dcd494f3d4353f99002ae365c7860864f55b971148b5d6f8e8ccd44ad
group/plot_data/S6_Fig/SEEG_ENV_K_1-4.csv	Plot_Data.zip	S6_Fig/SEEG ENV K 1-4.csv	8a81bdf8b046d190878f357b3723a3890c2a24e55215e5d4bfc69a82aa1dca31
group/plot_data/S6_Fig/SEEG_ENV_K_1-5.csv	Plot_Data.zip	S6_Fig/SEEG ENV K 1-5.csv	98893fc79d3ab4428e5d62a9ea5a42871b56874243c15673d36641265b963e87
group/plot_data/S6_Fig/SEEG_ENV_K_1-6.csv	Plot_Data.zip	S6_Fig/SEEG ENV K 1-6.csv	1d9e009efb707ddf344108d6b5a9ab775dffe8e0a520a7fbb263f302ac7c19b2
group/plot_data/S6_Fig/SEEG_ENV_K_1-7.csv	Plot_Data.zip	S6_Fig/SEEG ENV K 1-7.csv	b3d7b413c3083ca02cd79302d184dc17d85038609240fe7dbf93bd5967f0f5eb
group/plot_data/S7_Fig/MEG_CFS_K_1-2.csv	Plot_Data.zip	S7_Fig/MEG CFS K 1-2.csv	7dcebf0d6e7690b5a8fba80d2eb088ce3fe35f7bd54a872a0bb6de9b2bf2e392
group/plot_data/S7_Fig/MEG_CFS_K_1-3.csv	Plot_Data.zip	S7_Fig/MEG CFS K 1-3.csv	a82d3624be6126a160c6369d3576740d04f4488f167880d807fc548f7a399684
group/plot_data/S7_Fig/MEG_CFS_K_1-4.csv	Plot_Data.zip	S7_Fig/MEG CFS K 1-4.csv	9196b6e8c16baf608a92895acb0d109f972e7614971163f4aa0ffd1cd66cce4a
group/plot_data/S7_Fig/MEG_CFS_K_1-5.csv	Plot_Data.zip	S7_Fig/MEG CFS K 1-5.csv	4fff2e4c699886d992a808ea5f441db746a16535dd326accc7d4cc8717e30b1f
group/plot_data/S7_Fig/MEG_CFS_K_1-6.csv	Plot_Data.zip	S7_Fig/MEG CFS K 1-6.csv	17b0af3d19b9b8483325b66721467e06b21ed371cc83c12d95b6d2f48e94a956
group/plot_data/S7_Fig/MEG_CFS_K_1-7.csv	Plot_Data.zip	S7_Fig/MEG CFS K 1-7.csv	ccfd83fcad9062876bdf8906906899800ce38609d0ab98cde6f03a48ff6ea492
group/plot_data/S7_Fig/MEG_CFS_K_mod_using_PLV_1-2.csv	Plot_Data.zip	S7_Fig/MEG CFS K_mod using PLV 1-2.csv	536f51ef5b5bfac19ec1382e2403761b6059cc02f6b0a3d16cd1532c546bb380
group/plot_data/S7_Fig/MEG_CFS_K_mod_using_PLV_1-3.csv	Plot_Data.zip	S7_Fig/MEG CFS K_mod using PLV 1-3.csv	b333772791d8daa5e0a8e71c8462f1f55cb15fa00b557f860c78c78312cdf3b3
group/plot_data/S7_Fig/MEG_CFS_K_mod_using_PLV_1-4.csv	Plot_Data.zip	S7_Fig/MEG CFS K_mod using PLV 1-4.csv	cf9fddcf08a8ae3a96c9686b3bd9e271af7718b60cd8d21076d9883cd88261e3
group/plot_data/S7_Fig/MEG_CFS_K_mod_using_PLV_1-5.csv	Plot_Data.zip	S7_Fig/MEG CFS K_mod using PLV 1-5.csv	8df8a24616f38856790a9463977543f665e8b9426e99a8fd1f12e4157b05d0bc
group/plot_data/S7_Fig/MEG_CFS_K_mod_using_PLV_1-6.csv	Plot_Data.zip	S7_Fig/MEG CFS K_mod using PLV 1-6.csv	e943d4c92ec9352ae6b17db8274a5de6d2ae8c1bfeaeeb0c322922eb5ff0685b
group/plot_data/S7_Fig/MEG_CFS_K_mod_using_PLV_1-7.csv	Plot_Data.zip	S7_Fig/MEG CFS K_mod using PLV 1-7.csv	20387b141a00c9a4db7783fcfdc8f397e7a00d10735347c8767048e18821f3a2
group/plot_data/S7_Fig/MEG_PAC_K_1-2.csv	Plot_Data.zip	S7_Fig/MEG PAC K 1-2.csv	e8a4cebcaad1c492f0419a5fb37ffedbbefcdf8dd1e7ce9854c4aed753103439
group/plot_data/S7_Fig/MEG_PAC_K_1-3.csv	Plot_Data.zip	S7_Fig/MEG PAC K 1-3.csv	823bffd964b97861805e332c556738c6fe068de3a3e1395be800fc14e45aeb38
group/plot_data/S7_Fig/MEG_PAC_K_1-4.csv	Plot_Data.zip	S7_Fig/MEG PAC K 1-4.csv	ada61e3ee56c366978b38c97b7118cc43f4aaa6c77bfa161a3375aa9cb24192d
group/plot_data/S7_Fig/MEG_PAC_K_1-5.csv	Plot_Data.zip	S7_Fig/MEG PAC K 1-5.csv	f9d08998a5cb87bf09d5e88c9c6b40a72ac8f4c8a16f043bb2f16d85c65764ab
group/plot_data/S7_Fig/MEG_PAC_K_1-6.csv	Plot_Data.zip	S7_Fig/MEG PAC K 1-6.csv	3fdf53c5af9d93fa514e6be48bf8cf313c0aa897e89b5b5ef1543601cadef226
group/plot_data/S7_Fig/MEG_PAC_K_1-7.csv	Plot_Data.zip	S7_Fig/MEG PAC K 1-7.csv	46e6a46b56ec189a99f7f99c09ece9bfeb6941512f9c2eda8879f21fb22f3099
group/plot_data/S7_Fig/MEG_PAC_K_mod_using_PLV_1-2.csv	Plot_Data.zip	S7_Fig/MEG PAC K_mod using PLV 1-2.csv	73cb4339f8352756dc446aa73f86dd9164ea17d0f989c6f6f4d8457903b8d9b3
group/plot_data/S7_Fig/MEG_PAC_K_mod_using_PLV_1-3.csv	Plot_Data.zip	S7_Fig/MEG PAC K_mod using PLV 1-3.csv	e0a43515c7d0f9f1631e05c6f031a41c33621943a7ef8732b37e7709ce0b3c43
group/plot_data/S7_Fig/MEG_PAC_K_mod_using_PLV_1-4.csv	Plot_Data.zip	S7_Fig/MEG PAC K_mod using PLV 1-4.csv	3b2a9701236eb016ef8d87eacdd47888da379c2f9690e55c145290e73de5fd30
group/plot_data/S7_Fig/MEG_PAC_K_mod_using_PLV_1-5.csv	Plot_Data.zip	S7_Fig/MEG PAC K_mod using PLV 1-5.csv	bfef014b46cedd828b62489dc8148d2686c2d1aebb4b724bb34db8f067feb4ce
group/plot_data/S7_Fig/MEG_PAC_K_mod_using_PLV_1-6.csv	Plot_Data.zip	S7_Fig/MEG PAC K_mod using PLV 1-6.csv	33f86656004ec32899f6db5c44e01ae42290fe40e7157a56e76b6262f05b2b08
group/plot_data/S7_Fig/MEG_PAC_K_mod_using_PLV_1-7.csv	Plot_Data.zip	S7_Fig/MEG PAC K_mod using PLV 1-7.csv	c8451b017441f0ae7936e2789acd3d4ab03f93030811925f07452ad9ef69199c
group/plot_data/S7_Fig/SEEG_CFS_K_1-2.csv	Plot_Data.zip	S7_Fig/SEEG CFS K 1-2.csv	443e2c5b28863d9c1189083f46bb2d2b6ab636fae0318a21c5c9a7889e268956
group/plot_data/S7_Fig/SEEG_CFS_K_1-3.csv	Plot_Data.zip	S7_Fig/SEEG CFS K 1-3.csv	d5756cbcf96e1a7e6495f097bdeed7f1d3429717995cf7d0bb91626748ee7efa
group/plot_data/S7_Fig/SEEG_CFS_K_1-4.csv	Plot_Data.zip	S7_Fig/SEEG CFS K 1-4.csv	d03fd19bd40ae87524d725b9a50aecda1a8da4d1b40d38871a5481bca3440e29
group/plot_data/S7_Fig/SEEG_CFS_K_1-5.csv	Plot_Data.zip	S7_Fig/SEEG CFS K 1-5.csv	f42b9b7c7e60209093a2696b2d892d877012ab69670f4abdf29866e912f3c0b2
group/plot_data/S7_Fig/SEEG_CFS_K_1-6.csv	Plot_Data.zip	S7_Fig/SEEG CFS K 1-6.csv	9a7fbc4c69f7ebef83287555dcd0da47d53d53fc0527919fae4264bf47344b33
group/plot_data/S7_Fig/SEEG_CFS_K_1-7.csv	Plot_Data.zip	S7_Fig/SEEG CFS K 1-7.csv	daf803dd65b0da7ad47d5543f421c5a7a868c1ffb51a01814e56586910b51f56
group/plot_data/S7_Fig/SEEG_CFS_K_mod_using_PLV_1-2.csv	Plot_Data.zip	S7_Fig/SEEG CFS K_mod using PLV 1-2.csv	b16d46f98150098c8eff91105cbeb147898b56a781b16b05bba089e9a6277b3d
group/plot_data/S7_Fig/SEEG_CFS_K_mod_using_PLV_1-3.csv	Plot_Data.zip	S7_Fig/SEEG CFS K_mod using PLV 1-3.csv	3527c11abcd0bb81da7413271169ed5080649227ad107171e1b784a2cd3d4054
group/plot_data/S7_Fig/SEEG_CFS_K_mod_using_PLV_1-4.csv	Plot_Data.zip	S7_Fig/SEEG CFS K_mod using PLV 1-4.csv	b76f3b5f55c8ce971389865663090b019c3214b92e5f016510d11fea21204629
group/plot_data/S7_Fig/SEEG_CFS_K_mod_using_PLV_1-5.csv	Plot_Data.zip	S7_Fig/SEEG CFS K_mod using PLV 1-5.csv	938a6d0706208efb1318d9d06fd4f989918bb997d2aeb7ca3526a4d1357d6417
group/plot_data/S7_Fig/SEEG_CFS_K_mod_using_PLV_1-6.csv	Plot_Data.zip	S7_Fig/SEEG CFS K_mod using PLV 1-6.csv	8c1c696b8d2a25cac3fbf40b91133d007c203a684a8e9c90af7179ccff3116f3
group/plot_data/S7_Fig/SEEG_CFS_K_mod_using_PLV_1-7.csv	Plot_Data.zip	S7_Fig/SEEG CFS K_mod using PLV 1-7.csv	8546d20ab6726b12a6796cc2fff5667930a2bb451e66a3137ca6d99dd9a126a4
group/plot_data/S7_Fig/SEEG_PAC_K_1-2.csv	Plot_Data.zip	S7_Fig/SEEG PAC K 1-2.csv	e62192f4b7f6a126ea909bb0a5fc6df51a0d2e547c1a349cc3a26d4ddc22d382
group/plot_data/S7_Fig/SEEG_PAC_K_1-3.csv	Plot_Data.zip	S7_Fig/SEEG PAC K 1-3.csv	3f56720e80b54ee722aa924581fc4ea00e20990d47165f10f9b57b428fafc993
group/plot_data/S7_Fig/SEEG_PAC_K_1-4.csv	Plot_Data.zip	S7_Fig/SEEG PAC K 1-4.csv	51815762f3de214598473de478493f720bbee2cd4fcf8ff2c0e6d714cc5289b0
group/plot_data/S7_Fig/SEEG_PAC_K_1-5.csv	Plot_Data.zip	S7_Fig/SEEG PAC K 1-5.csv	26f3f53f04bcbc736b4019b1f5698c88bb93976046c86490e6c5cf062b3da956
group/plot_data/S7_Fig/SEEG_PAC_K_1-6.csv	Plot_Data.zip	S7_Fig/SEEG PAC K 1-6.csv	75e179d64d0fa24c96a7682e541debac782b8d9038f987a6495124ab2e1a6ed4
group/plot_data/S7_Fig/SEEG_PAC_K_1-7.csv	Plot_Data.zip	S7_Fig/SEEG PAC K 1-7.csv	3a6ae1462b749cb78fdbd68222e724e32f20640381022af2c27346c537f84492
group/plot_data/S7_Fig/SEEG_PAC_K_mod_using_PLV_1-2.csv	Plot_Data.zip	S7_Fig/SEEG PAC K_mod using PLV 1-2.csv	2b107049160952105d52438b2f75a893f5d5a1f638c3cb9a3d67e615ee8efaf2
group/plot_data/S7_Fig/SEEG_PAC_K_mod_using_PLV_1-3.csv	Plot_Data.zip	S7_Fig/SEEG PAC K_mod using PLV 1-3.csv	8cdb01b4343fbe8b027d0fd14f463e169758f39bdcb854366398514107eaaf57
group/plot_data/S7_Fig/SEEG_PAC_K_mod_using_PLV_1-4.csv	Plot_Data.zip	S7_Fig/SEEG PAC K_mod using PLV 1-4.csv	342175e30abb0286a3b27292cd2bd52e8c399ff4b23d88a2a7ccb76770705314
group/plot_data/S7_Fig/SEEG_PAC_K_mod_using_PLV_1-5.csv	Plot_Data.zip	S7_Fig/SEEG PAC K_mod using PLV 1-5.csv	9d7fa1423aebedfbd0aaf602e77634de95814d01ce32dab6ed9d51188f145b53
group/plot_data/S7_Fig/SEEG_PAC_K_mod_using_PLV_1-6.csv	Plot_Data.zip	S7_Fig/SEEG PAC K_mod using PLV 1-6.csv	d3b12a04eb1c1baf772f70e3c607bcaaaff0e9a8a78b519cd159a2d2aeb96800
group/plot_data/S7_Fig/SEEG_PAC_K_mod_using_PLV_1-7.csv	Plot_Data.zip	S7_Fig/SEEG PAC K_mod using PLV 1-7.csv	dcc8740df1a4f0380abb844bde6ad7b0f52387b3279b6ff5f2ae2263e6137917
group/plot_data/S8_Fig/MEG_CFS_eyes_closed_GS_1-2.csv	Plot_Data.zip	S8_Fig/MEG CFS eyes closed GS 1-2.csv	19b4e5ba46f90bfd2f280242cf53a4bb8bdabeaf0bf8ea8771e181f16bd8aa0d
group/plot_data/S8_Fig/MEG_CFS_eyes_closed_GS_1-3.csv	Plot_Data.zip	S8_Fig/MEG CFS eyes closed GS 1-3.csv	585f0c2b4ed6a20b98e0464665b7c1083d4800d242002f301bc8115fa1210110
group/plot_data/S8_Fig/MEG_CFS_eyes_closed_GS_1-4.csv	Plot_Data.zip	S8_Fig/MEG CFS eyes closed GS 1-4.csv	f0f725b85780ae142aec1859bc643281772c4f5bdd47b6c69b8aa5f4c581f957
group/plot_data/S8_Fig/MEG_CFS_eyes_closed_K_1-2.csv	Plot_Data.zip	S8_Fig/MEG CFS eyes closed K 1-2.csv	3a569783dff3cd7711e294d5c478e9633d45317613d370dcdd982bea034df04e
group/plot_data/S8_Fig/MEG_CFS_eyes_closed_K_1-3.csv	Plot_Data.zip	S8_Fig/MEG CFS eyes closed K 1-3.csv	6b05fdb4f46acaeb9a07d0742e4b9d7168b2f99bce8358796b4bf80427d01f17
group/plot_data/S8_Fig/MEG_CFS_eyes_closed_K_1-4.csv	Plot_Data.zip	S8_Fig/MEG CFS eyes closed K 1-4.csv	a7826e724f35e9e4aee3ebc65497850df4fabdb9868d9b633baf62ecc63effd3
group/plot_data/S8_Fig/MEG_CFS_eyes_closed_K_mod_using_wPLI_1-2.csv	Plot_Data.zip	S8_Fig/MEG CFS eyes closed K_mod using wPLI 1-2.csv	0bf83cf6fad87832b9b42f45d6eb7ebee990cd840b8632a5a5178e514f951ab7
group/plot_data/S8_Fig/MEG_CFS_eyes_closed_K_mod_using_wPLI_1-3.csv	Plot_Data.zip	S8_Fig/MEG CFS eyes closed K_mod using wPLI 1-3.csv	814daf08001f9b5c4740534f85fcb48d2f53b3312f3bd7311e5e5aa37ae629ff
group/plot_data/S8_Fig/MEG_CFS_eyes_closed_K_mod_using_wPLI_1-4.csv	Plot_Data.zip	S8_Fig/MEG CFS eyes closed K_mod using wPLI 1-4.csv	9bd24f7721cce8c6d9f403073e465f8ee7361379033b3f3561b47857fb5096da
group/plot_data/S8_Fig/MEG_CFS_eyes_open_GS_1-2.csv	Plot_Data.zip	S8_Fig/MEG CFS eyes open GS 1-2.csv	d33b881b774a29bf47cb945e59965912f76950add30916b019abc7431e45600a
group/plot_data/S8_Fig/MEG_CFS_eyes_open_GS_1-3.csv	Plot_Data.zip	S8_Fig/MEG CFS eyes open GS 1-3.csv	ef571a49c61bfd3da299cd94529ca446cec8cbaa07e9b97da26f7ae997353690
group/plot_data/S8_Fig/MEG_CFS_eyes_open_GS_1-4.csv	Plot_Data.zip	S8_Fig/MEG CFS eyes open GS 1-4.csv	470e7935165cb41517a68b452180ce9ba79000c2db17e5405d721898f393b579
group/plot_data/S8_Fig/MEG_CFS_eyes_open_K_1-2.csv	Plot_Data.zip	S8_Fig/MEG CFS eyes open K 1-2.csv	64f3e7b502acd25c6a6aa625a71ba08657098a81f2997c182320ca83fb810d64
group/plot_data/S8_Fig/MEG_CFS_eyes_open_K_1-3.csv	Plot_Data.zip	S8_Fig/MEG CFS eyes open K 1-3.csv	750e120f4a16be83d27f12ce96a8213f1ad65795111fe2cf4db0340723ba0fdd
group/plot_data/S8_Fig/MEG_CFS_eyes_open_K_1-4.csv	Plot_Data.zip	S8_Fig/MEG CFS eyes open K 1-4.csv	08a4200ae46eacb151cfc7865664d1f9e6f25f5cf508af1870421c8e40922251
group/plot_data/S8_Fig/MEG_CFS_eyes_open_K_mod_using_wPLI_1-2.csv	Plot_Data.zip	S8_Fig/MEG CFS eyes open K_mod using wPLI 1-2.csv	77e4e79dc632f3ee7e932f070eda86bea38610f3b7fb1aa2ade52fa76538c0a9
group/plot_data/S8_Fig/MEG_CFS_eyes_open_K_mod_using_wPLI_1-3.csv	Plot_Data.zip	S8_Fig/MEG CFS eyes open K_mod using wPLI 1-3.csv	224b76e9b2c605c45063c460613692d27455ef4c4ba733fbdb24b348afb6bbe5
group/plot_data/S8_Fig/MEG_CFS_eyes_open_K_mod_using_wPLI_1-4.csv	Plot_Data.zip	S8_Fig/MEG CFS eyes open K_mod using wPLI 1-4.csv	7b4723033ce544cc27e60cc3d96bed89ab7f3cab2056082f24629b8004a2db14
group/plot_data/S9_Fig/CFS.csv	Plot_Data.zip	S9_Fig/CFS.csv	d16b2404a29f16f34bead76295db27b3b476a55411c64518b15e13e212d2dbdf
group/plot_data/S9_Fig/PAC.csv	Plot_Data.zip	S9_Fig/PAC.csv	953b32f7fd9eb1306b319c19e4f821c272213b06dc99779a786b81bcbe54035a
group/plot_data/S10_Fig/MEG_CFS_LH_1-2_LF_alpha.csv	Plot_Data.zip	S10_Fig/MEG CFS LH 1-2 LF=alpha.csv	d8eb270f5a1cab1ce7e5277e7143d2e267544a742b12a7cf63671a743d871703
group/plot_data/S10_Fig/MEG_CFS_LH_1-2_LF_theta.csv	Plot_Data.zip	S10_Fig/MEG CFS LH 1-2 LF=theta.csv	5239738bb599283057f84aeb9bbf8a7a05f016660739c47f70c4519a79d6b39e
group/plot_data/S10_Fig/MEG_CFS_LH_1-3_LF_alpha.csv	Plot_Data.zip	S10_Fig/MEG CFS LH 1-3 LF=alpha.csv	6af7e9ed5588c4c88dd30d0fb537026709540b96512c157a2180b73ede441dd7
group/plot_data/S10_Fig/MEG_PAC_LH_1-2_LF_alpha.csv	Plot_Data.zip	S10_Fig/MEG PAC LH 1-2 LF=alpha.csv	876cef0d59936c32add7d7b8a90df446c3bd871161b424d2d858958e0d4bf82d
group/plot_data/S10_Fig/MEG_PAC_LH_1-3_LF_alpha.csv	Plot_Data.zip	S10_Fig/MEG PAC LH 1-3 LF=alpha.csv	09c3d281302aac6a70411be258ff0393f5c35fc03256132924fe005aa3f6c3c7
group/plot_data/S10_Fig/SEEG_CFS_LH_1-2_LF_alpha.csv	Plot_Data.zip	S10_Fig/SEEG CFS LH 1-2 LF=alpha.csv	679f7aaa66997a43bbfe433e81c1b8595bbe7f6d033b3ea1b6284b0b4d7632cf
group/plot_data/S10_Fig/SEEG_CFS_LH_1-2_LF_theta.csv	Plot_Data.zip	S10_Fig/SEEG CFS LH 1-2 LF=theta.csv	40fde71dcd04e8b50a0a9755b72877cb28a281b5452f01c0a6a2c1bf8fc0bf68
group/plot_data/S10_Fig/SEEG_CFS_LH_1-3_LF_alpha.csv	Plot_Data.zip	S10_Fig/SEEG CFS LH 1-3 LF=alpha.csv	bd8887e92bfd7ae38b332a67979e2fc08ad3ba5e4fe7c0d3734de67a8118f3e2
group/plot_data/S10_Fig/SEEG_PAC_LH_1-2_LF_alpha.csv	Plot_Data.zip	S10_Fig/SEEG PAC LH 1-2 LF=alpha.csv	e1795cf78ad03a5bdf3e1bdb0196d18ae6fdea74a8b6c4ddb5790e4e4b10ce34
group/plot_data/S10_Fig/SEEG_PAC_LH_1-3_LF_alpha.csv	Plot_Data.zip	S10_Fig/SEEG PAC LH 1-3 LF=alpha.csv	2cead3b3e6d6e18c24efcf364c83c788410d5a4e6ad163948cfd94d123ed7ce7
group/plot_data/S11_Fig/PAC_BackDigits.csv	Plot_Data.zip	S11_Fig/PAC BackDigits.csv	6a217a7b3cd632a87f3728e995eb59f72b318d87dba968f51dd27baa38feffdc
group/plot_data/S11_Fig/PAC_Digit_symbol_coding_test.csv	Plot_Data.zip	S11_Fig/PAC Digit symbol coding_test.csv	747613eff97eb15ac868103dd70f3dd3d656b6ad4337365d6cc3c94168b5a47a
group/plot_data/S11_Fig/PAC_ForwDigits.csv	Plot_Data.zip	S11_Fig/PAC ForwDigits.csv	569a10f4bc4451e0f5d19605fe0a17c51c9322eff882f998d43ca521cd8b3b89
group/plot_data/S11_Fig/PAC_LNS.csv	Plot_Data.zip	S11_Fig/PAC LNS.csv	dbb64253b25197d79c9a6e99662068486e428dfa47bd4e8ec1c5f90946cf697b
group/plot_data/S11_Fig/PAC_TMT-A.csv	Plot_Data.zip	S11_Fig/PAC TMT-A.csv	940bad161bea35e2d63ea4f25e4461979c4076ee4d464e10570004b3de669605
group/plot_data/S11_Fig/PAC_TMT-B.csv	Plot_Data.zip	S11_Fig/PAC TMT-B.csv	be4035fda8ebd2143c98dae90ba08109f85ff34341cd9d4ed2e7f280f80b48b1
group/plot_data/S11_Fig/PAC_Zoo_map_plan.csv	Plot_Data.zip	S11_Fig/PAC Zoo map_plan.csv	e3eed857076f8a9945e31a54baa07164e3dda48d3948702e1cfd4b34ea4e0746
group/plot_data/S11_Fig/PAC_Zoo_map_time.csv	Plot_Data.zip	S11_Fig/PAC Zoo map_time.csv	8fa22e5b9c786e07f0ad077604f9c83ddd610a89090def3c644ad1e7c0fe0ea8
group/plot_data/Fig_3/3a_p1_BB.csv	Plot_Data.zip	Fig_3/3a_p1_BB.csv	2b5e921a2581959d0f75647884c10c655bc42532d21d5a88cabe8efd692e89eb
group/plot_data/Fig_3/3a_p1_LF.csv	Plot_Data.zip	Fig_3/3a_p1_LF.csv	a365d5bfd10e7285cd03f5c588eeab2305759855aadfebda1a005483a750edf0
group/plot_data/Fig_3/3a_p1_TFR.csv	Plot_Data.zip	Fig_3/3a_p1_TFR.csv	f86551cb953c305a7fb21deb6a5c92995c34f84fbb472186ccdf870031a93082
group/plot_data/Fig_3/3b_p2_BB.csv	Plot_Data.zip	Fig_3/3b_p2_BB.csv	2b5e921a2581959d0f75647884c10c655bc42532d21d5a88cabe8efd692e89eb
group/plot_data/Fig_3/3b_p2_HF.csv	Plot_Data.zip	Fig_3/3b_p2_HF.csv	5878b2ee6511cbc8b4ed11a5e4153ffec81cf0f2cadf84027ebf7458b3400383
group/plot_data/Fig_3/3b_p2_TFR.csv	Plot_Data.zip	Fig_3/3b_p2_TFR.csv	5f4a8291d92a3b54cd8311312b3229539ea51c4085fa8fff24b8a1423580ae95
group/plot_data/Fig_3/3c_CFS.csv	Plot_Data.zip	Fig_3/3c_CFS.csv	35c0796a47847dfe94ee205925107853d33f9515ca1b37493bccbe4d086a2fc5
group/plot_data/Fig_3/3d_c1_BB.csv	Plot_Data.zip	Fig_3/3d_c1_BB.csv	8ef3e8a4d2d0eb3b02df9b7bc6ab01b9dbc947aab9f5415e95ca5cfc04273ec7
group/plot_data/Fig_3/3d_c1_LF.csv	Plot_Data.zip	Fig_3/3d_c1_LF.csv	7fd1b38e0c29595349ee4b58033adf6f7fec968ac87f0502afaf437381c46033
group/plot_data/Fig_3/3d_c1_TFR.csv	Plot_Data.zip	Fig_3/3d_c1_TFR.csv	f71ad055eedb6676c033711b21e0933e1976eba6daf7c2c604365fafa019c278
group/plot_data/Fig_3/3e_c2_BB.csv	Plot_Data.zip	Fig_3/3e_c2_BB.csv	59a92f55e2dd8da9980836447f0085adf10095eb700e7fab132f6b4165d8b64d
group/plot_data/Fig_3/3f_c1_TFR_Amp.csv	Plot_Data.zip	Fig_3/3f_c1_TFR_Amp.csv	1ede388f22d17d668ba699cacd426446b3257c9c57b6463b61b48f5547c610a7
group/plot_data/Fig_3/3g_c2_TFR_Amp.csv	Plot_Data.zip	Fig_3/3g_c2_TFR_Amp.csv	7eda1081d91f3140f6f750170ab86a34f3a3e1e326d96f5cda1d9ee2486c509d
group/plot_data/Fig_3/3h_PAC.csv	Plot_Data.zip	Fig_3/3h_PAC.csv	76e9501acf26849ba03a86f1f0e20725839024f43d2b96525a48bb567d832598
group/plot_data/Fig_4/MEG_CFS_K_1-2.csv	Plot_Data.zip	Fig_4/MEG CFS K 1-2.csv	8d0e0f979938b873f584b77ae01354747f6d5a969706f026c8978e23353c606b
group/plot_data/Fig_4/MEG_CFS_K_1-3.csv	Plot_Data.zip	Fig_4/MEG CFS K 1-3.csv	661b48b8eec96df01be3567ec35886e2863cf5f37be73d6e5863f2c4e25f8d7a
group/plot_data/Fig_4/MEG_CFS_K_1-4.csv	Plot_Data.zip	Fig_4/MEG CFS K 1-4.csv	2bc860cc4a0f02108d3d61e281549bbc324e70c465935466ff74c3de0fa04f51
group/plot_data/Fig_4/MEG_CFS_K_1-5.csv	Plot_Data.zip	Fig_4/MEG CFS K 1-5.csv	8c67af45955deb22d3470e3db21c8c4ffc49b965c023bb772455be3a39a4429b
group/plot_data/Fig_4/MEG_CFS_K_1-6.csv	Plot_Data.zip	Fig_4/MEG CFS K 1-6.csv	b56e3d9bb4ae726bbb038d88f8b31d912c5e6fb8c83465f0cb399c6b66b24476
group/plot_data/Fig_4/MEG_CFS_K_1-7.csv	Plot_Data.zip	Fig_4/MEG CFS K 1-7.csv	c6008ab1fc9210bf7f64cd69c8feb8b6f66a80d99c3c0b2e35c0003655c73c9f
group/plot_data/Fig_4/MEG_CFS_K_mod_using_wPLI_1-2.csv	Plot_Data.zip	Fig_4/MEG CFS K_mod using wPLI 1-2.csv	2790e330aa35b1b48ab6269785e06ac2710453a654831177aa39424b5f19f4ea
group/plot_data/Fig_4/MEG_CFS_K_mod_using_wPLI_1-3.csv	Plot_Data.zip	Fig_4/MEG CFS K_mod using wPLI 1-3.csv	211d950186b72f9841041b48a62c30d1fcb09231cbf3e25444323b297f7800f8
group/plot_data/Fig_4/MEG_CFS_K_mod_using_wPLI_1-4.csv	Plot_Data.zip	Fig_4/MEG CFS K_mod using wPLI 1-4.csv	575f31e4a24f40e1aa20fded3c6d0f66f11297e292d00df6b2bf508d1620150f
group/plot_data/Fig_4/MEG_CFS_K_mod_using_wPLI_1-5.csv	Plot_Data.zip	Fig_4/MEG CFS K_mod using wPLI 1-5.csv	c9589841f5e0cbf7cc6efd8ad9f982be1fa1230cba142b7c418a77d2de9f5890
group/plot_data/Fig_4/MEG_CFS_K_mod_using_wPLI_1-6.csv	Plot_Data.zip	Fig_4/MEG CFS K_mod using wPLI 1-6.csv	ca70dd8b2426cf1ca65f66d4d3221ffc51ceba1169216b0615586dbaba8d582b
group/plot_data/Fig_4/MEG_CFS_K_mod_using_wPLI_1-7.csv	Plot_Data.zip	Fig_4/MEG CFS K_mod using wPLI 1-7.csv	a892b66356440924d9dd244d09ff4aa608e71dc4e62d2f046c9f6a633f624c46
group/plot_data/Fig_4/MEG_PAC_K_1-2.csv	Plot_Data.zip	Fig_4/MEG PAC K 1-2.csv	5af165de779f53aa91acbf0cd801949db31da3657dda6c1ae88e87262a2f3be0
group/plot_data/Fig_4/MEG_PAC_K_1-3.csv	Plot_Data.zip	Fig_4/MEG PAC K 1-3.csv	6017c1bd8390d4fcfeb482cba288c1fccf27dd050a2bc12fc4199460649dcc85
group/plot_data/Fig_4/MEG_PAC_K_1-4.csv	Plot_Data.zip	Fig_4/MEG PAC K 1-4.csv	ba3ac4848b31a1038a71d06c1d5f85c17035d88c8a7da450b6ddbfe76ea610e7
group/plot_data/Fig_4/MEG_PAC_K_1-5.csv	Plot_Data.zip	Fig_4/MEG PAC K 1-5.csv	c66f97de6c8398bb058f524c6375339c9e301af69cf0837c19caf451d25dccb8
group/plot_data/Fig_4/MEG_PAC_K_1-6.csv	Plot_Data.zip	Fig_4/MEG PAC K 1-6.csv	1925bbd7d69422bc221af289e190bc2757c57a0720e5fe07665b493b83c28254
group/plot_data/Fig_4/MEG_PAC_K_1-7.csv	Plot_Data.zip	Fig_4/MEG PAC K 1-7.csv	e6fdebd370b28bec8f13e1e7bc2c71a1d31de2f77b36869c2e9b92db2cef1413
group/plot_data/Fig_4/MEG_PAC_K_mod_using_wPLI_1-2.csv	Plot_Data.zip	Fig_4/MEG PAC K_mod using wPLI 1-2.csv	e5f841594594042f0faf5a317e284176c9a0d322539be13fc4f9a11b3ce0d319
group/plot_data/Fig_4/MEG_PAC_K_mod_using_wPLI_1-3.csv	Plot_Data.zip	Fig_4/MEG PAC K_mod using wPLI 1-3.csv	79bd0b7c09e08ae742bb62ec828cde55366ee0f1f5f3e268045df0ae0aaad2cc
group/plot_data/Fig_4/MEG_PAC_K_mod_using_wPLI_1-4.csv	Plot_Data.zip	Fig_4/MEG PAC K_mod using wPLI 1-4.csv	2725fc8912e5cc7f364e7e8e87e6ca0e0c07058085bc8a259470c6ebe68257c0
group/plot_data/Fig_4/MEG_PAC_K_mod_using_wPLI_1-5.csv	Plot_Data.zip	Fig_4/MEG PAC K_mod using wPLI 1-5.csv	24cefb9b92cd5f397486b97946d29dd5d72482747062d26616dbebf66f76db9c
group/plot_data/Fig_4/MEG_PAC_K_mod_using_wPLI_1-6.csv	Plot_Data.zip	Fig_4/MEG PAC K_mod using wPLI 1-6.csv	b31a540badfcf7056dd31b13fdf5fa6b25a75c1ef815bf391b16405cd96b93f2
group/plot_data/Fig_4/MEG_PAC_K_mod_using_wPLI_1-7.csv	Plot_Data.zip	Fig_4/MEG PAC K_mod using wPLI 1-7.csv	7a824298178cdab96b74a4d24341052991780a5b332e6c685136d341ee52b8e5
group/plot_data/Fig_4/SEEG_CFS_K_1-2.csv	Plot_Data.zip	Fig_4/SEEG CFS K 1-2.csv	41a800c8e8257da9b47c6bcd67f1a102df45a3a1f3e3d9cb919aee9f396d028d
group/plot_data/Fig_4/SEEG_CFS_K_1-3.csv	Plot_Data.zip	Fig_4/SEEG CFS K 1-3.csv	d520b613d7c47874831e6efcf9a094a3c45bbbe9f5de849e3c416d4d87bad6f4
group/plot_data/Fig_4/SEEG_CFS_K_1-4.csv	Plot_Data.zip	Fig_4/SEEG CFS K 1-4.csv	d1a5b0fa1d05efc2068137f1fc3849155fe23912f81a381ce44b7912ef2eb5a0
group/plot_data/Fig_4/SEEG_CFS_K_1-5.csv	Plot_Data.zip	Fig_4/SEEG CFS K 1-5.csv	70d4aaae0957dd714833ec8f7c2dc1ffa7d68a4c5b38330ead6c6af3afcb5b5e
group/plot_data/Fig_4/SEEG_CFS_K_1-6.csv	Plot_Data.zip	Fig_4/SEEG CFS K 1-6.csv	f4c429588f1613b6814fdb81c2c069d9ddb032db3fedc4fb5f545cafabfec367
group/plot_data/Fig_4/SEEG_CFS_K_1-7.csv	Plot_Data.zip	Fig_4/SEEG CFS K 1-7.csv	de11a40e1aa70e0913d1acab889225bd18d74639b1cdaf8c999cf0e3912c4e9b
group/plot_data/Fig_4/SEEG_CFS_K_mod_using_wPLI_1-2.csv	Plot_Data.zip	Fig_4/SEEG CFS K_mod using wPLI 1-2.csv	c89c099d307f9cc0ccf0430e93a799f9a7651eac49686a248c23337de4711bb2
group/plot_data/Fig_4/SEEG_CFS_K_mod_using_wPLI_1-3.csv	Plot_Data.zip	Fig_4/SEEG CFS K_mod using wPLI 1-3.csv	1a7b265fc52be46967d0188bd308185f630f6f32028839cc4b581ddb53909390
group/plot_data/Fig_4/SEEG_CFS_K_mod_using_wPLI_1-4.csv	Plot_Data.zip	Fig_4/SEEG CFS K_mod using wPLI 1-4.csv	b7fca76a93a44487863d8ec4f9b7168af5f9249d06f3011588da5c0221b69d6e
group/plot_data/Fig_4/SEEG_CFS_K_mod_using_wPLI_1-5.csv	Plot_Data.zip	Fig_4/SEEG CFS K_mod using wPLI 1-5.csv	16944cd6f9b78d3ebb90b3aa545ed64b79866ee173e8586991380e31b860a9f1
group/plot_data/Fig_4/SEEG_CFS_K_mod_using_wPLI_1-6.csv	Plot_Data.zip	Fig_4/SEEG CFS K_mod using wPLI 1-6.csv	d6dc805182d1d973bc30734a94c47d3300e7735bfd318a5f5ca1af89e8a0a1a5
group/plot_data/Fig_4/SEEG_CFS_K_mod_using_wPLI_1-7.csv	Plot_Data.zip	Fig_4/SEEG CFS K_mod using wPLI 1-7.csv	16b0731efad25a2bb2566894136d0c62299332e35051aff2887ea7b61d7fc3f5
group/plot_data/Fig_4/SEEG_PAC_K_1-2.csv	Plot_Data.zip	Fig_4/SEEG PAC K 1-2.csv	f0e7da1a4aebc122c50f3e956db4577c2e6160e5882b94f09f46850688aaef57
group/plot_data/Fig_4/SEEG_PAC_K_1-3.csv	Plot_Data.zip	Fig_4/SEEG PAC K 1-3.csv	18488fefd0e98caca2164eb8f90a885912a98c8016f3a5eb8c430a3c17d499da
group/plot_data/Fig_4/SEEG_PAC_K_1-4.csv	Plot_Data.zip	Fig_4/SEEG PAC K 1-4.csv	da3694d1e3d2a226c13d5846a0f666110abe8aefb68e9d8cdf7795bbcda5fd49
group/plot_data/Fig_4/SEEG_PAC_K_1-5.csv	Plot_Data.zip	Fig_4/SEEG PAC K 1-5.csv	f3bde8aedd82460db602e4c7047a3779e30d93916e769f5230f659c3108aab30
group/plot_data/Fig_4/SEEG_PAC_K_1-6.csv	Plot_Data.zip	Fig_4/SEEG PAC K 1-6.csv	f3c5ae8402c94891cfc370fe383aef4ead9c4e63d4288eb53d6cbe0f8fd3fba1
group/plot_data/Fig_4/SEEG_PAC_K_1-7.csv	Plot_Data.zip	Fig_4/SEEG PAC K 1-7.csv	1a4b1050d518768a2d6075a5863a3a1a2bccd5dd807e0e20171096de244e2aa6
group/plot_data/Fig_4/SEEG_PAC_K_mod_using_wPLI_1-2.csv	Plot_Data.zip	Fig_4/SEEG PAC K_mod using wPLI 1-2.csv	2f419b781ed8950d0d6c6cb7c4974b8197391a5801dc9f1242d53df818d02d7d
group/plot_data/Fig_4/SEEG_PAC_K_mod_using_wPLI_1-3.csv	Plot_Data.zip	Fig_4/SEEG PAC K_mod using wPLI 1-3.csv	faa8447620f9274aa79269cc3dcabb222b0c3cb94e20bf3b8580ac08b1585ed8
group/plot_data/Fig_4/SEEG_PAC_K_mod_using_wPLI_1-4.csv	Plot_Data.zip	Fig_4/SEEG PAC K_mod using wPLI 1-4.csv	d900a368375255e17b9fd6b523b38a8781531672dc560173464b4ebee612e784
group/plot_data/Fig_4/SEEG_PAC_K_mod_using_wPLI_1-5.csv	Plot_Data.zip	Fig_4/SEEG PAC K_mod using wPLI 1-5.csv	4bb58dba823901d0dfaf3fb02faa9601271592459d5937f23c436f362d7adc30
group/plot_data/Fig_4/SEEG_PAC_K_mod_using_wPLI_1-6.csv	Plot_Data.zip	Fig_4/SEEG PAC K_mod using wPLI 1-6.csv	f37c3c70799a7d8642a1402f870f653d342b01440a66dbfb6ff818485cc56f78
group/plot_data/Fig_4/SEEG_PAC_K_mod_using_wPLI_1-7.csv	Plot_Data.zip	Fig_4/SEEG PAC K_mod using wPLI 1-7.csv	a13a239b42b1c811235feec77a1751c1c46b9cbca1904efe82a6b4125cee9b4e
group/plot_data/Fig_5/MEG_CFS_1-2_K_long.csv	Plot_Data.zip	Fig_5/MEG CFS 1-2 K long.csv	0b515fe73dbaaddf10ccd979cbdb27d812cd2315757bc96c2c6788c4af3786f7
group/plot_data/Fig_5/MEG_CFS_1-2_K_mid.csv	Plot_Data.zip	Fig_5/MEG CFS 1-2 K mid.csv	89c6025f3db90a92502be5e06751639a3f8d0cef49a4379b562c40e998dc83c9
group/plot_data/Fig_5/MEG_CFS_1-2_K_short.csv	Plot_Data.zip	Fig_5/MEG CFS 1-2 K short.csv	0208d9ce73380bb8236a8feac8f4b8b538389052e0338c93d8cfcbe67eec400d
group/plot_data/Fig_5/MEG_CFS_1-2_K_mod_using_wPLI_long.csv	Plot_Data.zip	Fig_5/MEG CFS 1-2 K_mod using wPLI, long.csv	8e6fccb588fd143c8eb8c41b59eb1489f870a18742acd74e0c49d65a32a8a1ee
group/plot_data/Fig_5/MEG_CFS_1-2_K_mod_using_wPLI_mid.csv	Plot_Data.zip	Fig_5/MEG CFS 1-2 K_mod using wPLI, mid.csv	42b5d9e4be60a9102414a80f96f0fb2f0726e83b8d38be7049ab54bc7a29fe7e
group/plot_data/Fig_5/MEG_CFS_1-2_K_mod_using_wPLI_short.csv	Plot_Data.zip	Fig_5/MEG CFS 1-2 K_mod using wPLI, short.csv	fec8371d2160d2c50a0c284578aa98975751c92ba4326ede2d19907e90d93aaf
group/plot_data/Fig_5/MEG_CFS_1-3_K_long.csv	Plot_Data.zip	Fig_5/MEG CFS 1-3 K long.csv	6a4e02952f32a3cb812b62c3c3722f0c3a0ae62b6b12cb564b809d993b0a2adf
group/plot_data/Fig_5/MEG_CFS_1-3_K_mid.csv	Plot_Data.zip	Fig_5/MEG CFS 1-3 K mid.csv	0c7d9523c15a3d3777c9053a60c5bf300c9924d9e6689550826a67b5c2db1b96
group/plot_data/Fig_5/MEG_CFS_1-3_K_short.csv	Plot_Data.zip	Fig_5/MEG CFS 1-3 K short.csv	c00cd76b2dd5119d72b23a6f22a3c741e4a2db2c5b2b7e666bc60d3ac3e83f08
group/plot_data/Fig_5/MEG_CFS_1-3_K_mod_using_wPLI_long.csv	Plot_Data.zip	Fig_5/MEG CFS 1-3 K_mod using wPLI, long.csv	885a2cf8693e70b011b2425d89d98d020d5b9061ac02ae3ff1baf5d6dd427290
group/plot_data/Fig_5/MEG_CFS_1-3_K_mod_using_wPLI_mid.csv	Plot_Data.zip	Fig_5/MEG CFS 1-3 K_mod using wPLI, mid.csv	1c38019c9e0802a44cf2846dfdece4bc1465843eac935b664a799d16c3e3b1d0
group/plot_data/Fig_5/MEG_CFS_1-3_K_mod_using_wPLI_short.csv	Plot_Data.zip	Fig_5/MEG CFS 1-3 K_mod using wPLI, short.csv	b2f176c8130e2b03ba45a5aa58f0080da3ee8dace2507c23c2912495f2a8da85
group/plot_data/Fig_5/MEG_PAC_1-2_K_long.csv	Plot_Data.zip	Fig_5/MEG PAC 1-2 K long.csv	0a45dfa4e175a93566153b116b27b1a75a6eb710c3fe335059be85a03b436fba
group/plot_data/Fig_5/MEG_PAC_1-2_K_mid.csv	Plot_Data.zip	Fig_5/MEG PAC 1-2 K mid.csv	e7da66c2e5c7a32a215a7b2cbefd4af474dcefdb6788e7749e0b1fccee279399
group/plot_data/Fig_5/MEG_PAC_1-2_K_short.csv	Plot_Data.zip	Fig_5/MEG PAC 1-2 K short.csv	8753a6bbc030a814c64aaccf29fecbfee8e650a788636b90cea804411f21e512
group/plot_data/Fig_5/MEG_PAC_1-2_K_mod_using_wPLI_long.csv	Plot_Data.zip	Fig_5/MEG PAC 1-2 K_mod using wPLI, long.csv	96c2c1358b2e819f1cfb3014a7c15379da0b07692f4f95694e959ba518622151
group/plot_data/Fig_5/MEG_PAC_1-2_K_mod_using_wPLI_mid.csv	Plot_Data.zip	Fig_5/MEG PAC 1-2 K_mod using wPLI, mid.csv	04a8c60d535f665a48cef8c681cd86077b59666bd14c63720e7bbcce12c7a851
group/plot_data/Fig_5/MEG_PAC_1-2_K_mod_using_wPLI_short.csv	Plot_Data.zip	Fig_5/MEG PAC 1-2 K_mod using wPLI, short.csv	08000ae05995faced17527142e5762ba66e87ece5e471547752b884068fef74b
group/plot_data/Fig_5/MEG_PAC_1-3_K_long.csv	Plot_Data.zip	Fig_5/MEG PAC 1-3 K long.csv	570932f259a3bd8363fa2679a4401120293d6030dbfb57843a11b6d5f9477e99
group/plot_data/Fig_5/MEG_PAC_1-3_K_mid.csv	Plot_Data.zip	Fig_5/MEG PAC 1-3 K mid.csv	48e5f1ed12b8ce015f84670202f94994a88ba8459dd2f7e766a16453deed367e
group/plot_data/Fig_5/MEG_PAC_1-3_K_short.csv	Plot_Data.zip	Fig_5/MEG PAC 1-3 K short.csv	a30c056d887725f6107eafa1c543856253dcaa080c9d27327dfb995235532d3d
group/plot_data/Fig_5/MEG_PAC_1-3_K_mod_using_wPLI_long.csv	Plot_Data.zip	Fig_5/MEG PAC 1-3 K_mod using wPLI, long.csv	5fc0f4e3cf0d22c343bed5e9c78499d02ba3a055eacc04fe7da2e76f1944e4a3
group/plot_data/Fig_5/MEG_PAC_1-3_K_mod_using_wPLI_mid.csv	Plot_Data.zip	Fig_5/MEG PAC 1-3 K_mod using wPLI, mid.csv	4d8d37059b985abad3182d0ebe1f2248b3aef3cdad4b006add52b3f9a2fd1165
group/plot_data/Fig_5/MEG_PAC_1-3_K_mod_using_wPLI_short.csv	Plot_Data.zip	Fig_5/MEG PAC 1-3 K_mod using wPLI, short.csv	cc36c7e541af393eaad3b7f1e66cd882e6ae364ab344e57f18679b3090c0664e
group/plot_data/Fig_5/SEEG_CFS_1-2_K_long.csv	Plot_Data.zip	Fig_5/SEEG CFS 1-2 K, long.csv	7643669d66a69ee6f750740d7f308f8dd5c5dae8e5933348db5d0de370af8ec1
group/plot_data/Fig_5/SEEG_CFS_1-2_K_mid.csv	Plot_Data.zip	Fig_5/SEEG CFS 1-2 K, mid.csv	b6027318dcac04ccc6eb91da1349a8263410742058aefb1a2039c63531f0d1bd
group/plot_data/Fig_5/SEEG_CFS_1-2_K_short.csv	Plot_Data.zip	Fig_5/SEEG CFS 1-2 K, short.csv	5c8bc6ba9a7e7505ffaec89b1ae294935fdb8cb75559b2031ea5384aa08c5996
group/plot_data/Fig_5/SEEG_CFS_1-2_K_mod_using_wPLI_long.csv	Plot_Data.zip	Fig_5/SEEG CFS 1-2 K_mod using wPLI, long.csv	42bdfe798f14bf8059176a256ee684a9a67160c91b89af21a8bc331827273b5b
group/plot_data/Fig_5/SEEG_CFS_1-2_K_mod_using_wPLI_mid.csv	Plot_Data.zip	Fig_5/SEEG CFS 1-2 K_mod using wPLI, mid.csv	3596299f6f73b2d42885deab8d4d3b855f63b3dc3f0c614c0eb34e2edd16c6b0
group/plot_data/Fig_5/SEEG_CFS_1-2_K_mod_using_wPLI_short.csv	Plot_Data.zip	Fig_5/SEEG CFS 1-2 K_mod using wPLI, short.csv	8525801d4bfc43088477bd950ff26421f3fc0bdbbd8f9e258bf9718eb4282685
group/plot_data/Fig_5/SEEG_CFS_1-3_K_long.csv	Plot_Data.zip	Fig_5/SEEG CFS 1-3 K, long.csv	cae779477efb3773a49d290cd7e0680db60c31b3361e82889104e3a58cb499e2
group/plot_data/Fig_5/SEEG_CFS_1-3_K_mid.csv	Plot_Data.zip	Fig_5/SEEG CFS 1-3 K, mid.csv	1f9bf930e819bda165ce11f53c8b97c6907b11898796e5ebe86449ffa1bfbcd2
group/plot_data/Fig_5/SEEG_CFS_1-3_K_short.csv	Plot_Data.zip	Fig_5/SEEG CFS 1-3 K, short.csv	e08d422b8d44e3e4e145584b28e18d38a09472af3492e8b47db445c011489592
group/plot_data/Fig_5/SEEG_CFS_1-3_K_mod_using_wPLI_long.csv	Plot_Data.zip	Fig_5/SEEG CFS 1-3 K_mod using wPLI, long.csv	bda6aea02cf0b12b6943ab9e4145c81fc32770257f237ff14cc887dc3c908fde
group/plot_data/Fig_5/SEEG_CFS_1-3_K_mod_using_wPLI_mid.csv	Plot_Data.zip	Fig_5/SEEG CFS 1-3 K_mod using wPLI, mid.csv	94e9f06a6eccbf9abadba2f321d44bdad88dcd97e1bf75817217aaa3309a17ef
group/plot_data/Fig_5/SEEG_CFS_1-3_K_mod_using_wPLI_short.csv	Plot_Data.zip	Fig_5/SEEG CFS 1-3 K_mod using wPLI, short.csv	49518f24d08e8677d86a30bb894f0572d6896317d3964096db9407d4eb2cdf7a
group/plot_data/Fig_5/SEEG_PAC_1-2_K_long.csv	Plot_Data.zip	Fig_5/SEEG PAC 1-2 K, long.csv	79c79d8523345f9e08c222c18bb5f5c418580741591ff77b9842446a4e57c619
group/plot_data/Fig_5/SEEG_PAC_1-2_K_mid.csv	Plot_Data.zip	Fig_5/SEEG PAC 1-2 K, mid.csv	f024490fb0c16bacfe1ab7ec74f9c1a4500bdf6fabcbd8079f24cedf71dd6a03
group/plot_data/Fig_5/SEEG_PAC_1-2_K_short.csv	Plot_Data.zip	Fig_5/SEEG PAC 1-2 K, short.csv	8d9f77e36df81428dd70fc45e1f1db58efc0df5565ebd6babd833fd7d3925d89
group/plot_data/Fig_5/SEEG_PAC_1-2_K_mod_using_wPLI_long.csv	Plot_Data.zip	Fig_5/SEEG PAC 1-2 K_mod using wPLI, long.csv	6a7bea55ac2a1a07503f8bea0094ec0f9e6bd6a1fe3ffedd628d3231a17c2f84
group/plot_data/Fig_5/SEEG_PAC_1-2_K_mod_using_wPLI_mid.csv	Plot_Data.zip	Fig_5/SEEG PAC 1-2 K_mod using wPLI, mid.csv	81c2659bdbb9c37e15387bf7a8364bb30972d2a64dc53341c824038247f30b34
group/plot_data/Fig_5/SEEG_PAC_1-2_K_mod_using_wPLI_short.csv	Plot_Data.zip	Fig_5/SEEG PAC 1-2 K_mod using wPLI, short.csv	6f87fbd5bab2d894f8d66c8cb594bf820a472fe21b0ecc950fbccaf437b46e01
group/plot_data/Fig_5/SEEG_PAC_1-3_K_long.csv	Plot_Data.zip	Fig_5/SEEG PAC 1-3 K, long.csv	f761838230e2a2b3dfcc38435af1a94a495e93cb1d2a1f10aecdfffa1fd55df8
group/plot_data/Fig_5/SEEG_PAC_1-3_K_mid.csv	Plot_Data.zip	Fig_5/SEEG PAC 1-3 K, mid.csv	1235d90a944dcbcd92aae38cab6c6ce206e85c8207075b6ed9ab64e927e907a9
group/plot_data/Fig_5/SEEG_PAC_1-3_K_short.csv	Plot_Data.zip	Fig_5/SEEG PAC 1-3 K, short.csv	a3083158730a8138d871cb981232809cd2e2f6b1d53abe88a99fc05299f2b5cf
group/plot_data/Fig_5/SEEG_PAC_1-3_K_mod_using_wPLI_long.csv	Plot_Data.zip	Fig_5/SEEG PAC 1-3 K_mod using wPLI, long.csv	a319a34f57960c77dd1f925d06ecbf5a11b0b23946cd4ce1ff92b46565a7b29d
group/plot_data/Fig_5/SEEG_PAC_1-3_K_mod_using_wPLI_mid.csv	Plot_Data.zip	Fig_5/SEEG PAC 1-3 K_mod using wPLI, mid.csv	58973ba934fc57b2ea1ce701cdcf9a82984f7897f5150cd2c7e048f8b00e672c
group/plot_data/Fig_5/SEEG_PAC_1-3_K_mod_using_wPLI_short.csv	Plot_Data.zip	Fig_5/SEEG PAC 1-3 K_mod using wPLI, short.csv	9da43557afb2630986a8b31d74ecb04747b6814b7397e286b88baa34ae611b54
group/plot_data/Fig_6/SEEG_CFS_1-2_K_deep-deep.csv	Plot_Data.zip	Fig_6/SEEG CFS 1-2 K, deep-deep.csv	97e6f35b38999eb4400dc0e48ae8b19660213f301bef0122a0d366de8c32d8ef
group/plot_data/Fig_6/SEEG_CFS_1-2_K_deep-superf.csv	Plot_Data.zip	Fig_6/SEEG CFS 1-2 K, deep-superf.csv	0cbb69434542e4b3c31a892d969ccdeab2d6a32218422c010db2d737edcac3af
group/plot_data/Fig_6/SEEG_CFS_1-2_K_superf-deep.csv	Plot_Data.zip	Fig_6/SEEG CFS 1-2 K, superf-deep.csv	f8b18252051e941d9e85d6c836d515ed94d1472be50e1e64f1d495d4a78964c7
group/plot_data/Fig_6/SEEG_CFS_1-2_K_superf-surf.csv	Plot_Data.zip	Fig_6/SEEG CFS 1-2 K, superf-surf.csv	c7113f94ee8caa9ff7c4dd8c2e1029de196532d66626666789e8ff2bf625504b
group/plot_data/Fig_6/SEEG_CFS_1-2_K_mod_using_wPLI_deep-deep.csv	Plot_Data.zip	Fig_6/SEEG CFS 1-2 K_mod using wPLI, deep-deep.csv	6eec09b0323a66b7873349eec6a64c2604cc28387431c0e581b2ba45a96d18e2
group/plot_data/Fig_6/SEEG_CFS_1-2_K_mod_using_wPLI_deep-superf.csv	Plot_Data.zip	Fig_6/SEEG CFS 1-2 K_mod using wPLI, deep-superf.csv	731c02fdccea9fed6eae4207660537b9d9edb60d215ad19b1497b75fab19025c
group/plot_data/Fig_6/SEEG_CFS_1-2_K_mod_using_wPLI_superf-deep.csv	Plot_Data.zip	Fig_6/SEEG CFS 1-2 K_mod using wPLI, superf-deep.csv	78309dbf2d7f39b380ba6837338fa1d2b744affd09b12a51cfa2f43a7cd81000
group/plot_data/Fig_6/SEEG_CFS_1-2_K_mod_using_wPLI_superf-surf.csv	Plot_Data.zip	Fig_6/SEEG CFS 1-2 K_mod using wPLI, superf-surf.csv	1c104e3393d1b5b184a840b62e74c8b1ffd9d7075628e86f0b0f42f67d5504ea
group/plot_data/Fig_6/SEEG_CFS_1-3_K_deep-deep.csv	Plot_Data.zip	Fig_6/SEEG CFS 1-3 K, deep-deep.csv	41ba76a3a57192d92b6549591ec1408253f076be0489a29942b6644cb0e46c63
group/plot_data/Fig_6/SEEG_CFS_1-3_K_deep-superf.csv	Plot_Data.zip	Fig_6/SEEG CFS 1-3 K, deep-superf.csv	192ef5d2606faa0fb942eaa0908d69b245088055a3eb408739e4b2adc5b4bc2d
group/plot_data/Fig_6/SEEG_CFS_1-3_K_superf-deep.csv	Plot_Data.zip	Fig_6/SEEG CFS 1-3 K, superf-deep.csv	071dfd71c7d750e782b42d5b96e2a9ffc101e50d0b30671f03941d0a6dd41ae3
group/plot_data/Fig_6/SEEG_CFS_1-3_K_superf-surf.csv	Plot_Data.zip	Fig_6/SEEG CFS 1-3 K, superf-surf.csv	c12cf7a308c66c6126799882c73cb67f8b9d708160a3f08a205eef1596dfaf03
group/plot_data/Fig_6/SEEG_CFS_1-3_K_mod_using_wPLI_deep-deep.csv	Plot_Data.zip	Fig_6/SEEG CFS 1-3 K_mod using wPLI, deep-deep.csv	9cef5b26ae6454a49d016681d8ae0aa74ec83456b1330ad22f9b55d9f8c0f310
group/plot_data/Fig_6/SEEG_CFS_1-3_K_mod_using_wPLI_deep-superf.csv	Plot_Data.zip	Fig_6/SEEG CFS 1-3 K_mod using wPLI, deep-superf.csv	67f5752af76d8b890ccf70d1c65fde513cfe1fc4ecfa95be2372bc7225af4a51
group/plot_data/Fig_6/SEEG_CFS_1-3_K_mod_using_wPLI_superf-deep.csv	Plot_Data.zip	Fig_6/SEEG CFS 1-3 K_mod using wPLI, superf-deep.csv	fcb31a7b118811fcedffbfc678f646fdae099501b8f726eba93594896ca7182a
group/plot_data/Fig_6/SEEG_CFS_1-3_K_mod_using_wPLI_superf-surf.csv	Plot_Data.zip	Fig_6/SEEG CFS 1-3 K_mod using wPLI, superf-surf.csv	87d0daf454dc125ff4ff42eee456d35680cbbb7f90c05c757939d911a15069b5
group/plot_data/Fig_6/SEEG_PAC_1-2_K_deep-deep.csv	Plot_Data.zip	Fig_6/SEEG PAC 1-2 K, deep-deep.csv	5777262bda620bc0290493f7b1d46f3031a32b796d35d70c88b5508936f7b75c
group/plot_data/Fig_6/SEEG_PAC_1-2_K_deep-superf.csv	Plot_Data.zip	Fig_6/SEEG PAC 1-2 K, deep-superf.csv	3cd4929977a941dd9a640d595c7d230985200afa3a43b90601b36b419ce08618
group/plot_data/Fig_6/SEEG_PAC_1-2_K_superf-deep.csv	Plot_Data.zip	Fig_6/SEEG PAC 1-2 K, superf-deep.csv	7bf9e9f1b55e9a63c87d2e248a60e2b3831dd957684f736f4b9cf09a2f27abb4
group/plot_data/Fig_6/SEEG_PAC_1-2_K_superf-surf.csv	Plot_Data.zip	Fig_6/SEEG PAC 1-2 K, superf-surf.csv	eef87db146f01a499eb7d636ee43e6671ac4f5d7c9e0fc2e6b81274e8811da91
group/plot_data/Fig_6/SEEG_PAC_1-2_K_mod_using_wPLI_deep-deep.csv	Plot_Data.zip	Fig_6/SEEG PAC 1-2 K_mod using wPLI, deep-deep.csv	dfe6a8cd3ac7999df91b68b3acc828fe9b4a09733d7c7d0a49b9617705cc2e54
group/plot_data/Fig_6/SEEG_PAC_1-2_K_mod_using_wPLI_deep-superf.csv	Plot_Data.zip	Fig_6/SEEG PAC 1-2 K_mod using wPLI, deep-superf.csv	58da830c5d0756d538997eee5f0846a9eea8238253f6e6d0d7b87541a6ed361a
group/plot_data/Fig_6/SEEG_PAC_1-2_K_mod_using_wPLI_superf-deep.csv	Plot_Data.zip	Fig_6/SEEG PAC 1-2 K_mod using wPLI, superf-deep.csv	6914d9828c00d20dce90965da8d93280004329152a916f145115d6c752b92916
group/plot_data/Fig_6/SEEG_PAC_1-2_K_mod_using_wPLI_superf-surf.csv	Plot_Data.zip	Fig_6/SEEG PAC 1-2 K_mod using wPLI, superf-surf.csv	e998f13da1ee7a3ca843bc3af8a65d1e0a046ed570a5b486ce1161be49a47ae5
group/plot_data/Fig_6/SEEG_PAC_1-3_K_deep-deep.csv	Plot_Data.zip	Fig_6/SEEG PAC 1-3 K, deep-deep.csv	21dd1d86cbeed8cf0047424f40290eacf3a56c159f961ed6976189cb1330d4ba
group/plot_data/Fig_6/SEEG_PAC_1-3_K_deep-superf.csv	Plot_Data.zip	Fig_6/SEEG PAC 1-3 K, deep-superf.csv	0de6ba07e9aac1000b5e133de03bde4e375c63a08c71e00db7bdac4f81759d47
group/plot_data/Fig_6/SEEG_PAC_1-3_K_superf-deep.csv	Plot_Data.zip	Fig_6/SEEG PAC 1-3 K, superf-deep.csv	08fcac10019881f2e8f5dbe00949e59473e53285ca7e4975e82ae9826c52bcb6
group/plot_data/Fig_6/SEEG_PAC_1-3_K_superf-surf.csv	Plot_Data.zip	Fig_6/SEEG PAC 1-3 K, superf-surf.csv	e1324a22b0eff2bd7d18faa40117e36792f6ab40ae64d098dfe785e550e929f1
group/plot_data/Fig_6/SEEG_PAC_1-3_K_mod_using_wPLI_deep-deep.csv	Plot_Data.zip	Fig_6/SEEG PAC 1-3 K_mod using wPLI, deep-deep.csv	02c0469ea7df7fc5b53dfab683265661e87a978cd8878b5c33801e522c804495
group/plot_data/Fig_6/SEEG_PAC_1-3_K_mod_using_wPLI_deep-superf.csv	Plot_Data.zip	Fig_6/SEEG PAC 1-3 K_mod using wPLI, deep-superf.csv	c62737da012d8e6d82c47e3f6524e84877b2764449257b4e075bb2b3cf29cf93
group/plot_data/Fig_6/SEEG_PAC_1-3_K_mod_using_wPLI_superf-deep.csv	Plot_Data.zip	Fig_6/SEEG PAC 1-3 K_mod using wPLI, superf-deep.csv	de4d782b59e175f26445a62de295545a1bd3c1a72698d3f06dd44164f4b76231
group/plot_data/Fig_6/SEEG_PAC_1-3_K_mod_using_wPLI_superf-surf.csv	Plot_Data.zip	Fig_6/SEEG PAC 1-3 K_mod using wPLI, superf-surf.csv	0f412c4205cfb072725045bc61973f463fa7400460191a3481e76ff80723b9aa
group/plot_data/Fig_7/MEG_CFS_rel._deg._1-2_LF_alpha.csv	Plot_Data.zip	Fig_7/MEG CFS rel. deg. 1-2 LF=alpha.csv	96e8704b7a8811fe790fb592552db19473b2ce21def6b81e48ee3b0702796752
group/plot_data/Fig_7/MEG_CFS_rel._deg._1-2_LF_theta.csv	Plot_Data.zip	Fig_7/MEG CFS rel. deg. 1-2 LF=theta.csv	0612cc024eb4168bdeb41014a43cd61a75ff15504d8f279048b56d8c841ce139
group/plot_data/Fig_7/MEG_CFS_rel._deg._1-3_LF_alpha.csv	Plot_Data.zip	Fig_7/MEG CFS rel. deg. 1-3 LF=alpha.csv	24ab0980084637fff33e1b16796eb96f1b8d1a4670c7c14de91a2f1f76d2b7a7
group/plot_data/Fig_7/MEG_PAC_rel._deg._1-2_LF_alpha.csv	Plot_Data.zip	Fig_7/MEG PAC rel. deg. 1-2 LF=alpha.csv	580b955cc6d7d9c9f25ccc4d3f27bbbb74dddda6a50e8b65335dfc00046140b8
group/plot_data/Fig_7/MEG_PAC_rel._deg._1-3_LF_alpha.csv	Plot_Data.zip	Fig_7/MEG PAC rel. deg. 1-3 LF=alpha.csv	69cdf1dbcbab63321a9950f16c27ec90f95452fb9554d90035461506f72b0e5d
group/plot_data/Fig_7/SEEG_CFS_rel._deg._1-2_LF_alpha.csv	Plot_Data.zip	Fig_7/SEEG CFS rel. deg. 1-2 LF=alpha.csv	18672cc871a94e5325ae3613d6d02619df1efc5cff6c5ee1c1fcc63b949b717f
group/plot_data/Fig_7/SEEG_CFS_rel._deg._1-2_LF_theta.csv	Plot_Data.zip	Fig_7/SEEG CFS rel. deg. 1-2 LF=theta.csv	6560f4a9e2797c7be6587a48a5706d2c392b7519de9b4f206c1c4de0d1129bf7
group/plot_data/Fig_7/SEEG_CFS_rel._deg._1-3_LF_alpha.csv	Plot_Data.zip	Fig_7/SEEG CFS rel. deg. 1-3 LF=alpha.csv	492c5e3d318869c8ba1d4efc88424c80a5308071471af5d94c9be6d06ab302e5
group/plot_data/Fig_7/SEEG_PAC_rel._deg._1-2_LF_alpha.csv	Plot_Data.zip	Fig_7/SEEG PAC rel. deg. 1-2 LF=alpha.csv	b88240c8baab996298055fed46abb1085c1209a98c9efebec7f3f05abf844179
group/plot_data/Fig_7/SEEG_PAC_rel._deg._1-3_LF_alpha.csv	Plot_Data.zip	Fig_7/SEEG PAC rel. deg. 1-3 LF=alpha.csv	ff8caa0353ca2381f5d7b2b03e2211f6f6b38486e4cba05522c5f8b0f30f7c11
group/plot_data/Fig_8/CFS_BackDigits.csv	Plot_Data.zip	Fig_8/CFS BackDigits.csv	4ced537ca081a18a5a23c46f882eabd0fe51a940a04943241917042cdb3597b2
group/plot_data/Fig_8/CFS_Digit_symbol_coding_test.csv	Plot_Data.zip	Fig_8/CFS Digit symbol coding_test.csv	d14d060a13be37ad989063844095a46d9ed9fe875a385c97476ca7ca74ec2fcc
group/plot_data/Fig_8/CFS_ForwDigits.csv	Plot_Data.zip	Fig_8/CFS ForwDigits.csv	cec35a1c25f87143f0eb65339543f447a4e634849dc330875148b2d3cfc41901
group/plot_data/Fig_8/CFS_LNS.csv	Plot_Data.zip	Fig_8/CFS LNS.csv	e5faf096d6c1cf827400d15e306d1f13f50a1f66333e976ed40e1f5ef4baf020
group/plot_data/Fig_8/CFS_TMT-A.csv	Plot_Data.zip	Fig_8/CFS TMT-A.csv	bff662b4de5edf97921db7a2850ebb5aecb4c650dc71663d27c6494ec8ae2518
group/plot_data/Fig_8/CFS_TMT-B.csv	Plot_Data.zip	Fig_8/CFS TMT-B.csv	d499291b6c0224bcfaeedd42a87408d73fa35ad2927e79a94dec5f208fb34030
group/plot_data/Fig_8/CFS_Zoo_map_plan.csv	Plot_Data.zip	Fig_8/CFS Zoo map_plan.csv	141fc1e59d27ce210b44a776bef08652ec3f190b98d9543577f3614da267215f
group/plot_data/Fig_8/CFS_Zoo_map_time.csv	Plot_Data.zip	Fig_8/CFS Zoo map_time.csv	994427e7c0576d8c5f6d7bf13bb6efb5dedcc3a2afab1f0657936482b888dbf8
group/plot_data/S3_Fig/MEG_CFS_GS_1-2.csv	Plot_Data.zip	S3_Fig/MEG CFS GS 1-2.csv	e8b962af47f0d6b54044f6a564d0f849fd4dcada5a9e86670038d7e075c3510e
group/plot_data/S3_Fig/MEG_CFS_GS_1-3.csv	Plot_Data.zip	S3_Fig/MEG CFS GS 1-3.csv	b396bbd4de02767fa44b492263baa84cdacac0764078b27ec9652e1ac44bc3e1
group/plot_data/S3_Fig/MEG_CFS_GS_1-4.csv	Plot_Data.zip	S3_Fig/MEG CFS GS 1-4.csv	7eecb3775c9181cc8a017955ee387444cf31048d5da6d27f58d0cabfd9e8724b
group/plot_data/S3_Fig/MEG_CFS_GS_1-5.csv	Plot_Data.zip	S3_Fig/MEG CFS GS 1-5.csv	1cfcd7292f3b013a07b14e6dc452880842ba58e2177639e4be80719089b1e813
group/plot_data/S3_Fig/MEG_CFS_GS_1-6.csv	Plot_Data.zip	S3_Fig/MEG CFS GS 1-6.csv	2a38cb775e546bceb50c7971c205d47b16c88480fd882df803b9e2249465cb35
group/plot_data/S3_Fig/MEG_CFS_GS_1-7.csv	Plot_Data.zip	S3_Fig/MEG CFS GS 1-7.csv	e4a5629ca8dab66434cbc6c4d8b7a202872824bf35e00e9cdf5de77133633f59
group/plot_data/S3_Fig/MEG_PAC_GS_1-2.csv	Plot_Data.zip	S3_Fig/MEG PAC GS 1-2.csv	c5ed9d18da74806295f35eecacf90af5f48eca35be08c9b7a76f93f971f6521a
group/plot_data/S3_Fig/MEG_PAC_GS_1-3.csv	Plot_Data.zip	S3_Fig/MEG PAC GS 1-3.csv	1be5117a51d88c1c05e591d978193d79df54516924219090708c91e6ddc59216
group/plot_data/S3_Fig/MEG_PAC_GS_1-4.csv	Plot_Data.zip	S3_Fig/MEG PAC GS 1-4.csv	805b5a227c45f59d83a716cc81afc886bbb326cc7303535d4385e8f705dca3f8
group/plot_data/S3_Fig/MEG_PAC_GS_1-5.csv	Plot_Data.zip	S3_Fig/MEG PAC GS 1-5.csv	c7ef216c927d6722cd776a18fbd896a363c1332a1e7c62135535ca0c054e91fc
group/plot_data/S3_Fig/MEG_PAC_GS_1-6.csv	Plot_Data.zip	S3_Fig/MEG PAC GS 1-6.csv	2adcb30640e9ba38f97b050802a3ea5903dd3882a5bb22a746f4e32d137d0db9
group/plot_data/S3_Fig/MEG_PAC_GS_1-7.csv	Plot_Data.zip	S3_Fig/MEG PAC GS 1-7.csv	834eae6f417aa164e0063ca2e33c64cd3d415f8dfc4c7d5e20f51f8accdac003
group/plot_data/S3_Fig/SEEG_CFS_GS_1-2.csv	Plot_Data.zip	S3_Fig/SEEG CFS GS 1-2.csv	809d8ca83e8289d9e866f09974c7a69833cb88d82f5c820f09399b88dc15623f
group/plot_data/S3_Fig/SEEG_CFS_GS_1-3.csv	Plot_Data.zip	S3_Fig/SEEG CFS GS 1-3.csv	c0ab0e09226fb606934a829f0adc9bd9b662495e4b4439da73de3fe521d55a38
group/plot_data/S3_Fig/SEEG_CFS_GS_1-4.csv	Plot_Data.zip	S3_Fig/SEEG CFS GS 1-4.csv	bbaebe893ff4ed1033418c87b84ec5db77b88bad07c3d88e4319951e0fa30631
group/plot_data/S3_Fig/SEEG_CFS_GS_1-5.csv	Plot_Data.zip	S3_Fig/SEEG CFS GS 1-5.csv	9bc601bd6a6edbedd5a0c9512e597625fafc0eee1388d67cbaecb69ec52b5195
group/plot_data/S3_Fig/SEEG_CFS_GS_1-6.csv	Plot_Data.zip	S3_Fig/SEEG CFS GS 1-6.csv	c09222c2700976cd89dc72d01e2fa4726ad025477d16e4d14474497fce4fcc4b
group/plot_data/S3_Fig/SEEG_CFS_GS_1-7.csv	Plot_Data.zip	S3_Fig/SEEG CFS GS 1-7.csv	ebb29e18e4875fb4f3784b73cefea63bedcdfd2ca50130ab585e9b65c0060756
group/plot_data/S3_Fig/SEEG_PAC_GS_1-2.csv	Plot_Data.zip	S3_Fig/SEEG PAC GS 1-2.csv	20e82292b35bf7f833a66bfbba98a190209851f3544c3dcc36b9f76da5b085e0
group/plot_data/S3_Fig/SEEG_PAC_GS_1-3.csv	Plot_Data.zip	S3_Fig/SEEG PAC GS 1-3.csv	9c5d33d345a91cb1745dc255e17e1d4e91c450e2fdbfbd1c5ace2f8fedd9b59f
group/plot_data/S3_Fig/SEEG_PAC_GS_1-4.csv	Plot_Data.zip	S3_Fig/SEEG PAC GS 1-4.csv	0580c280becec080e3b31f5569d3add14d377b9794041bfa702d6b726550736f
group/plot_data/S3_Fig/SEEG_PAC_GS_1-5.csv	Plot_Data.zip	S3_Fig/SEEG PAC GS 1-5.csv	30664e852b5bda3493ab48c6e1ec18081ea38478a7fea3f1dfcdc76f7e631d07
group/plot_data/S3_Fig/SEEG_PAC_GS_1-6.csv	Plot_Data.zip	S3_Fig/SEEG PAC GS 1-6.csv	dc94fe522175724091113e9a47c19fbe471390f4e0d299d1d7a3f9e7dbe07524
group/plot_data/S3_Fig/SEEG_PAC_GS_1-7.csv	Plot_Data.zip	S3_Fig/SEEG PAC GS 1-7.csv	bfc1ea2bd084b1c57c0aa5d78f45f0f03521fb8c493ae84df9b99aab337a14b4
group/plot_data/S4_Fig/MEG_PLV_GS_long.csv	Plot_Data.zip	S4_Fig/MEG PLV GS, long.csv	3aa536806733f3fe995fc03296dd76299e231ffcae8ce3319a58f430133fcbe8
group/plot_data/S4_Fig/MEG_PLV_GS_mid.csv	Plot_Data.zip	S4_Fig/MEG PLV GS, mid.csv	023a30d4dc159cda197a68b787b706b68887e919f9979a335bd494002938d10e
group/plot_data/S4_Fig/MEG_PLV_GS_short.csv	Plot_Data.zip	S4_Fig/MEG PLV GS, short.csv	ba02ee69784fe2b5ab7f777461d66215357d7cb05a8277322253419ac36e447c
group/plot_data/S4_Fig/MEG_PLV_GS.csv	Plot_Data.zip	S4_Fig/MEG PLV GS.csv	cdb912ea7613df2ddcd9903bf4f52159e027b464af62f518fd6923a219bd931f
group/plot_data/S4_Fig/MEG_PLV_K_long.csv	Plot_Data.zip	S4_Fig/MEG PLV K, long.csv	4fdbd93bb7923de8f194f7d442a34cdbb5859c89ae8b4d791408807c52701845
group/plot_data/S4_Fig/MEG_PLV_K_mid.csv	Plot_Data.zip	S4_Fig/MEG PLV K, mid.csv	19f34b0b9d7b8f624abc32dfbbd926f045c2abcfd38baa08079aaf5438796f51
group/plot_data/S4_Fig/MEG_PLV_K_short.csv	Plot_Data.zip	S4_Fig/MEG PLV K, short.csv	aa2869b3f5947bd67bb421ed3ef4d2fa5213763e6833b1ce2f19d0c1189fe76c
group/plot_data/S4_Fig/MEG_PLV_K.csv	Plot_Data.zip	S4_Fig/MEG PLV K.csv	c49e62fed16a72967d51a210735e8121b571aede22c889a157b0f4cb0ff41395
group/plot_data/S4_Fig/MEG_wPLI_GS_long.csv	Plot_Data.zip	S4_Fig/MEG wPLI GS, long.csv	8a0867084c06091f8e1fed44f7edd2d965da78c0f2789104d1cb97cfba30b91e
group/plot_data/S4_Fig/MEG_wPLI_GS_mid.csv	Plot_Data.zip	S4_Fig/MEG wPLI GS, mid.csv	b4d426d531edee825e3b05dbd71d56c81917d7f26ca81897e8e5ed5795761456
group/plot_data/S4_Fig/MEG_wPLI_GS_short.csv	Plot_Data.zip	S4_Fig/MEG wPLI GS, short.csv	efe06296c57304a60cadad9ef2f91720447ea1201257b65e4fc53961fe09ac41
group/plot_data/S4_Fig/MEG_wPLI_GS.csv	Plot_Data.zip	S4_Fig/MEG wPLI GS.csv	21df344f3d89cb2de010a03c59a079ac69c03b38f355014b72036df5b3fcc385
group/plot_data/S4_Fig/MEG_wPLI_K_long.csv	Plot_Data.zip	S4_Fig/MEG wPLI K, long.csv	0c107d2d376de7d7399b8efc52069a260c21c51bbf0b14bfd6b0007e0d7bf7c8
group/plot_data/S4_Fig/MEG_wPLI_K_mid.csv	Plot_Data.zip	S4_Fig/MEG wPLI K, mid.csv	33d9534c30b74e8222f2df03acc60e692ec5eb210dad4c7f2a0ebb18b30074bb
group/plot_data/S4_Fig/MEG_wPLI_K_short.csv	Plot_Data.zip	S4_Fig/MEG wPLI K, short.csv	5b172ff1a1c1c14b56f68f4ce3ae3b20c19c5ed8f20c16d49472e7842bbf1357
group/plot_data/S4_Fig/MEG_wPLI_K.csv	Plot_Data.zip	S4_Fig/MEG wPLI K.csv	0f24bb57b775b38b182e5266a5f40ab71d4873b4ed668eb7f27e6662949a8d6c
group/plot_data/S4_Fig/SEEG_PLV_GS_long.csv	Plot_Data.zip	S4_Fig/SEEG PLV GS, long.csv	6634b6895818e11fdc5451458d813ce7c106f5b89c0845c4812641e6f3008b90
group/plot_data/S4_Fig/SEEG_PLV_GS_mid.csv	Plot_Data.zip	S4_Fig/SEEG PLV GS, mid.csv	948752c22ba380175b16305155d1bd9c9d2ac9f8489f55590fe4c80e96e09a54
group/plot_data/S4_Fig/SEEG_PLV_GS_short.csv	Plot_Data.zip	S4_Fig/SEEG PLV GS, short.csv	6fd00868c368070c2b03a1cb670e5b19e282729f8f206a2f3a11a9b6f785d3f1
group/plot_data/S4_Fig/SEEG_PLV_GS.csv	Plot_Data.zip	S4_Fig/SEEG PLV GS.csv	756ad0bc0addafcf8fb1be5b0cce88d5290e21d88453fa369a54b90c34c37413
group/plot_data/S4_Fig/SEEG_PLV_K_long.csv	Plot_Data.zip	S4_Fig/SEEG PLV K, long.csv	d57af69f1e9babce4c57a866ba516adbc006b18d5bd63678f1fc952668fb08db
group/plot_data/S4_Fig/SEEG_PLV_K_mid.csv	Plot_Data.zip	S4_Fig/SEEG PLV K, mid.csv	02453be8c09b6c23ba3499f3cf3b23bf157b9fe9fda7e65ad3663a955df41da1
group/plot_data/S4_Fig/SEEG_PLV_K_short.csv	Plot_Data.zip	S4_Fig/SEEG PLV K, short.csv	61366fc29cde61bff1c40d80fc74a0f32c9c0cc1d39641cc24019a32260e1157
group/plot_data/S4_Fig/SEEG_PLV_K.csv	Plot_Data.zip	S4_Fig/SEEG PLV K.csv	73b70fecc25b22e36967413f425b0e14f8d470dbe86fadc3282126281c4c2424
group/plot_data/S4_Fig/SEEG_wPLI_GS_long.csv	Plot_Data.zip	S4_Fig/SEEG wPLI GS, long.csv	826cc54b5448e36236953a0b56ac5dec96cc4c72ae9f6fd6b5d7346fab156c29
group/plot_data/S4_Fig/SEEG_wPLI_GS_mid.csv	Plot_Data.zip	S4_Fig/SEEG wPLI GS, mid.csv	b8f0cb3c635bc7a81fb7dae8a40d487c4521f1fc5e3d3e3f4eae1a9f498aae52
group/plot_data/S4_Fig/SEEG_wPLI_GS_short.csv	Plot_Data.zip	S4_Fig/SEEG wPLI GS, short.csv	d6a04ec9a8ad35098912ee821ebc7d08cb98230e6f0be49e504ea514685fe89e
group/plot_data/S4_Fig/SEEG_wPLI_GS.csv	Plot_Data.zip	S4_Fig/SEEG wPLI GS.csv	2550d9db730975924fb335c6dbd03eeccde2998b991ffa186b9602cf693c620c
group/plot_data/S4_Fig/SEEG_wPLI_K_long.csv	Plot_Data.zip	S4_Fig/SEEG wPLI K, long.csv	61d23f9e55121deb47dd8b4ea52dc92d476291b918243cdaef91883ddf5bf3f2
group/plot_data/S4_Fig/SEEG_wPLI_K_mid.csv	Plot_Data.zip	S4_Fig/SEEG wPLI K, mid.csv	c9e15b98d37da08d4af19c09dc86a0af233e3cd95e0a7d845e049e3ccf08a286
group/plot_data/S4_Fig/SEEG_wPLI_K_short.csv	Plot_Data.zip	S4_Fig/SEEG wPLI K, short.csv	574fdc817fe6af73bca9125b764eefdf391412d25f7a2900e240b04e26534978
group/plot_data/S4_Fig/SEEG_wPLI_K.csv	Plot_Data.zip	S4_Fig/SEEG wPLI K.csv	35f0f83abda9546b0cab02aaa152c21cbeee021f4a4c4b97edc2ab7e5111160a
